compound,h_ht,dili,bsep,carcinogenicity,genotoxicity,ames,herg,nephrotoxicity,nr_ar,ar_cons,di,eii
1-Androstenediol,0.5264122486114502,0.1778024435043335,0.9438576102256776,0.9220219254493712,0.529545783996582,0.4057166874408722,0.1114509254693985,0.4271124303340912,0.9867069125175476,0.7330585883795401,0.2436482791424695,0.629846763617362
1-Androstenedione,0.6625953316688538,0.3479958176612854,0.9997454285621644,0.9412492513656616,0.8130996227264404,0.4587349593639374,0.1124073714017868,0.4466629028320313,0.992830216884613,0.5715997037066675,0.2923596688110794,0.5444794184385475
1-Androsterone,0.6642510890960693,0.4524555802345276,0.9991629123687744,0.8575067520141602,0.626237154006958,0.3287919759750366,0.7699082046747208,0.5657944679260254,0.9889666438102722,0.6656867058282795,0.2841684488521714,0.6835604154079813
1-Epiandrosterone,0.6642510890960693,0.4524555802345276,0.9991629123687744,0.8575067520141602,0.626237154006958,0.3287919759750366,0.7699082046747208,0.5657944679260254,0.9889666438102722,0.9008445320126236,0.2737874945679673,0.907366696481895
1-Testosterone,0.5856945514678955,0.1527744233608245,0.9835928678512572,0.9591686725616456,0.6208938360214233,0.3744795620441437,0.92154361307621,0.3967994153499603,0.9949533343315125,0.9021778435738724,0.2770457789224447,0.8379086988876071
4-Androstenediol,0.7764715552330017,0.151604875922203,0.9596006274223328,0.9579251408576964,0.1495829820632934,0.4159020483493805,0.153082400560379,0.4872671365737915,0.9954635500907898,0.90085073570011,0.2855375652487381,0.8199553872456135
4-Hydroxytestosterone,0.7467855215072632,0.3071365356445312,0.7421067357063293,0.9451509714126588,0.3032937049865722,0.2531159520149231,0.6079478189349174,0.539254367351532,0.9977533221244812,0.7598499753889605,0.2618912893397425,0.6860201650892505
5-Androstenedione,0.5691105127334595,0.3264882266521454,0.9998512268066406,0.8786972165107727,0.8569247722625732,0.3992656767368316,0.130541518330574,0.2770759165287018,0.9770436882972716,0.6107976292823994,0.3347629743587932,0.6053300134191101
7α-Hydroxy-DHEA,0.5721956491470337,0.4062161147594452,0.99755597114563,0.6940276026725769,0.7978411316871643,0.6445625424385071,0.1295313388109207,0.5821311473846436,0.8662460446357727,0.6156678745737338,0.2606045416655002,0.6198395678272313
7β-Hydroxy-DHEA,0.5721956491470337,0.4062161147594452,0.99755597114563,0.6940276026725769,0.7978411316871643,0.6445625424385071,0.1295313388109207,0.5821311473846436,0.8662460446357727,0.6156678745737338,0.2594810056562913,0.6166792724892312
7-Keto-DHEA,0.6650947332382202,0.4700980484485626,0.9995577931404114,0.8868792057037354,0.8719038367271423,0.650582492351532,0.1049785912036895,0.529718279838562,0.860477089881897,0.5382534805006077,0.2941232905092661,0.595056455811789
11β-Methyl-19-nortestosterone,0.6758515238761902,0.2285175770521164,0.991287648677826,0.9066332578659058,0.3912111520767212,0.3434078693389892,0.4822993278503418,0.2583405375480652,0.9993017911911012,0.8444762529251286,0.3251983307245343,0.8274348629945385
17α-Methylepithiostanol,0.7287108898162842,0.5744045972824097,0.993770182132721,0.9221408367156982,0.3818777501583099,0.3859192430973053,0.1083675026893615,0.8296114802360535,0.9838213920593262,0.5428897292542063,0.0934638590057453,0.3980705176202154
19-Norandrostenediol,0.6404198408126831,0.1019388362765312,0.8788625001907349,0.8811192512512207,0.2444636262953281,0.2802045345306396,0.4794569686055183,0.3928583562374115,0.9746461510658264,0.8414966072707625,0.1529279243959245,0.7996319215819632
19-Norandrostenedione,0.7126657366752625,0.4478358328342438,0.9990056157112122,0.89122074842453,0.741579532623291,0.4662555158138275,0.8136048167943954,0.3420121967792511,0.9995113611221312,0.762574079777986,0.4617287158301562,0.7973570243638899
"Androst-4-ene-3,11,17-trione",0.7158083319664001,0.489695817232132,0.9997047781944276,0.8564066886901855,0.9906127452850342,0.5018842816352844,0.6652294099330902,0.5810317397117615,0.9978615641593932,0.6851814034591548,0.3695985835458076,0.6759119169848257
Androstanolone,0.6028426289558411,0.1683239042758941,0.9823195338249208,0.9275422692298888,0.5665561556816101,0.3708783388137817,0.1101616621017456,0.3918328583240509,0.9915327429771424,0.9439199726409042,0.2520985363467329,0.8970068722167678
Androstenediol,0.6540142297744751,0.1108891814947128,0.9531615376472472,0.9575764536857604,0.656857043504715,0.2396127879619598,0.8441580832004547,0.3973714411258697,0.94164776802063,0.9089614366344068,0.1678516661019644,0.8210314039233683
Androstenedione,0.6794752478599548,0.3196698129177093,0.9999256134033204,0.8633577823638916,0.904261589050293,0.3811768889427185,0.1209469586610794,0.3457675576210022,0.9999054670333862,0.9032583411762538,0.5043017920165601,0.9123592967840464
Bolasterone,0.8018911480903625,0.1690592169761657,0.9922212958335876,0.945418655872345,0.713884711265564,0.3790939450263977,0.7307925820350647,0.6799624562263489,0.999126136302948,0.9115875289538758,0.3713233454753226,0.9205361584475408
Boldenone,0.7556105256080627,0.9264467656612396,0.9926785230636596,0.9762994647026062,0.8596619367599487,0.3271412551403045,0.1816698610782623,0.2974594235420227,0.99982750415802,0.6948994926007706,0.2360680926414906,0.7430366340711676
Boldione,0.6799533367156982,0.2205708175897598,0.999941349029541,0.9244373440742492,0.9636735916137696,0.3681994378566742,0.1518318206071853,0.256414532661438,0.9998169541358948,0.5971600017787323,0.320098904078326,0.6120378328292646
Calusterone,0.8018911480903625,0.1690592169761657,0.9922212958335876,0.945418655872345,0.713884711265564,0.3790939450263977,0.7307925820350647,0.6799624562263489,0.999126136302948,0.8789841226278418,0.3552570347757237,0.8755508383409135
Clostebol,0.8221547603607178,0.7557706534862518,0.9878837466239928,0.9670284390449524,0.5093989968299866,0.6795687675476074,0.9296289831399918,0.3116276264190674,0.997112512588501,0.6706254148244775,0.2047180244133919,0.5787797572182688
Danazol,0.9123857617378236,0.0142092881724238,0.9999948740005492,0.93364155292511,0.9532315135002136,0.1341283023357391,0.9869022369384766,0.0006251926533877,0.9662653803825378,0.9181528609809526,0.1302340008261184,0.8283205696059766
Dehydrochlormethyltestosterone,0.8528284430503845,0.6894521415233612,0.9988611936569214,0.9750468730926514,0.8571831583976746,0.6285092234611511,0.4991415143013001,0.5596423149108887,0.9988682270050048,0.5872834390887696,0.1345388445573219,0.525828771971195
Desoxymethyltestosterone,0.6123213768005371,0.7212988287210464,0.9960761666297911,0.967514157295227,0.9627800434827803,0.1838790327310562,0.3769830986857414,0.7332544922828674,0.9789854288101196,0.7274966313203141,0.154664344537851,0.6659458072006491
Dimethandrolone,0.5266794562339783,0.4298090040683746,0.995520830154419,0.7609316110610962,0.9169908165931702,0.6753103137016296,0.4979131370782852,0.6887375116348267,0.9887093901634216,0.6040947694107376,0.1702858171578414,0.5140175156282889
Drostanolone,0.5154774785041809,0.1986162066459656,0.9992039799690248,0.863807201385498,0.6957525610923767,0.4644487798213959,0.6739696860313416,0.6161924004554749,0.9873837828636168,0.7776113854497392,0.1840816152850977,0.7549039187069652
Epiandrosterone,0.5730565786361694,0.1711027026176452,0.996528685092926,0.8791468143463135,0.415457010269165,0.5703590512275696,0.1518833041191101,0.4223254323005676,0.9692912697792052,0.9008445320126236,0.2737874945679673,0.907366696481895
Epi-dihydrotestosterone,0.6028426289558411,0.1683239042758941,0.9823195338249208,0.9275422692298888,0.5665561556816101,0.3708783388137817,0.1101616621017456,0.3918328583240509,0.9915327429771424,0.9251829137231042,0.2424858070910918,0.8706770169187878
Epitestosterone,0.8575517535209656,0.986575961112976,0.9999202489852904,0.9929431080818176,0.0133709087967872,0.0476502738893032,0.0441729910671711,0.0053005046211183,0.9930282235145568,0.9140490738202288,0.3394145674204976,0.8513828419747382
Ethylestrenol,0.89336758852005,0.8810634613037109,0.998728096485138,0.9966086149215698,1.0688663678593002e-06,0.0020820531062781,0.0396019183099269,1.0241923519060949e-05,0.9688947200775146,0.7977768940725122,0.1537970530023654,0.6269546729255082
Fluoxymesterone,0.7362720370292664,0.1033773720264434,0.942164957523346,0.7804749011993408,0.8859272003173828,0.3088925182819366,0.5388383567333221,0.7422149181365967,0.9998464584350586,0.9038489368345554,0.1239294160149896,0.7408859323147763
Formebolone,0.6657893657684326,0.1820488423109054,0.8816044926643372,0.957861065864563,0.9979720711708068,0.753654420375824,0.4396960511803627,0.8456025123596191,0.9978376030921936,0.4984721788671795,0.0899832458171238,0.4581061230666924
Furazabol,0.9421249628067015,0.9386505484580994,0.9928111433982848,0.9218755960464478,0.9848982691764832,0.4024354219436645,0.1074959933757782,0.7975889444351196,0.9956368803977966,0.5424799911099947,0.0753894262198102,0.3619042114648652
Gestrinone,0.930104911327362,0.008693104609847,0.9999995231628418,0.9833276867866516,0.0256786756217479,0.1184952706098556,0.5023936629295349,3.481824751361273e-05,0.96353942155838,0.7286522077938717,0.0637401781030257,0.7095781079637846
Mestanolone,0.790001630783081,0.1571112871170044,0.995270311832428,0.970934271812439,0.6672711968421936,0.3853202760219574,0.7326071709394455,0.7580984234809875,0.9927324652671814,0.8594898727126227,0.2104482443870334,0.858197164330374
Mesterolone,0.6884965896606445,0.2798957228660583,0.6830636858940125,0.946793794631958,0.1247795820236206,0.5442988872528076,0.4463890939950943,0.7274674773216248,0.9552435874938964,0.8691871199822228,0.1932471895007432,0.8226637288212801
Metandienone,0.7833076119422913,0.8241473138332367,0.9966503977775574,0.9770334362983704,0.9417288303375244,0.3091510534286499,0.8829528093338013,0.5637204647064209,0.999907374382019,,,
Metenolone,0.7428496479988098,0.49248006939888,0.6176272034645081,0.9460976719856262,0.5310643911361694,0.6193573474884033,0.4212303087115288,0.81331866979599,0.9960755705833436,0.7957067581085804,0.3181161311636052,0.8023009993985305
Methandriol,0.6343380212783813,0.1008064821362495,0.9412469267845154,0.9590080976486206,0.4003352820873261,0.519477903842926,0.8706174045801163,0.6729267239570618,0.8770720362663269,0.8427110209727081,0.1796437406895319,0.8106094596718434
Methasterone,0.734001636505127,0.1889605075120926,0.9995787739753724,0.9540637135505676,0.7023378610610962,0.4651215076446533,0.47905083745718,0.8311259150505066,0.9821321964263916,0.762541927021142,0.2186608295217074,0.7905411227144339
Methyl-1-testosterone,0.7708548903465271,0.1410461068153381,0.9946746826171876,0.984509289264679,0.7390128970146179,0.393657773733139,0.6108468398451805,0.765544593334198,0.9965479969978333,0.8005242450934993,0.2600633302873705,0.7930813691979663
Methylclostebol,0.8630450367927551,0.6339161843061447,0.9992144107818604,0.9675880074501038,0.8040592074394226,0.6788725256919861,0.4781544208526611,0.5919662714004517,0.9990345239639282,0.7055857986961953,0.2255616156147063,0.6366058498128998
Methyldienolone,0.8120930790901184,0.2425847798585891,0.9415227174758912,0.9515933990478516,0.8139585256576538,0.3653358519077301,0.9319160133600236,0.5702733397483826,0.9996910095214844,0.9097070051939062,0.2454345256287443,0.7997955961835155
Methylnortestosterone,0.8493788242340088,0.2038644403219223,0.977319061756134,0.9790770411491394,0.6825659871101379,0.313968688249588,0.8493906259536743,0.4087055921554565,0.999619483947754,0.8700371070670052,0.3690544728943205,0.8811446908542517
Methyltestosterone,0.7831128835678101,0.1347915083169937,0.9947901964187622,0.9572668671607972,0.8327603936195374,0.3277909755706787,0.6738507747650146,0.6506247520446777,0.9999338388442992,0.8376770097434042,0.3506116881487274,0.8390765643335706
Metribolone,0.7477733492851257,0.2725673019886017,0.9733903408050536,0.9737257957458496,0.8935706615447998,0.4030285477638244,0.97504660487175,0.6102205514907837,0.9991905093193054,0.8255508009701,0.2020915586217525,0.7902928219565355
Mibolerone,0.8116796016693115,0.2595445513725281,0.9015074372291564,0.9535862803459167,0.7139337062835693,0.3950484693050385,0.5378328263759613,0.6332612037658691,0.99798321723938,0.8870783990512209,0.2897871416938685,0.8353654591813194
Nandrolone,0.7390680909156799,0.2094575613737106,0.8950554132461548,0.9417610168457032,0.4853991568088531,0.4194629490375519,0.9900510311126708,0.3165254890918731,0.9994527697563172,0.8974844893102539,0.3359348144393682,0.8454353445073134
Norboletone,0.860306978225708,0.2174828648567199,0.9826701283454896,0.9459574818611144,0.655128538608551,0.3369965255260467,0.1792147010564804,0.3544609248638153,0.9988061189651488,0.7659795249547025,0.2584144176822782,0.7515075628916781
Norclostebol,0.821167528629303,0.8610739558935165,0.9803993701934814,0.961589217185974,0.4359882771968841,0.7456463575363159,0.6860074400901794,0.2748722434043884,0.9957757592201232,0.7107218581532924,0.1830922632000322,0.6068916954473194
Norethandrolone,0.8572607636451721,0.959244430065155,0.999605119228363,0.9950716495513916,0.0193666368722915,0.0349055267870426,0.3791700601577759,0.000177152105607,0.9921342134475708,0.7476170928120047,0.3218960829633829,0.7964992086180669
Oxabolone,0.7104827165603638,0.3581345379352569,0.6697822213172913,0.9028081297874452,0.2142880707979202,0.3293339908123016,0.4064042121171951,0.4944535493850708,0.9982158541679382,0.7570408865719704,0.2205289009298725,0.6655726601549998
Oxandrolone,0.872845470905304,0.4027060270309448,0.9885469675064088,0.9947062134742736,0.8329020738601685,0.6484022736549377,0.4302990064024925,0.9523165822029114,0.954908549785614,0.6556856486951571,0.1609038792968216,0.5110947357597413
Oxymesterone,0.7647109031677246,0.2823274433612823,0.9474360346794128,0.9299907088279724,0.5988196134567261,0.2543103992938995,0.248293150216341,0.7939715385437012,0.9980815649032592,0.7947802707194641,0.2738492828778968,0.7567256601776672
Oxymetholone,0.9097201824188232,0.7569218873977661,0.9947138428688048,0.984038770198822,0.7634764909744263,0.4003819227218628,0.3219522908329964,0.950440526008606,0.542143702507019,0.802892811788571,0.1046653166378681,0.572608575146074
Prasterone,0.4957742989063263,0.2508786916732788,0.9946223497390748,0.8718980550765991,0.504484236240387,0.5789713263511658,0.1466688513755798,0.3508427441120147,0.8536738157272339,0.6774204428910727,0.291750917207389,0.7821991486962636
Prostanozol,0.5473247170448303,0.5616733431816101,0.983379065990448,0.8845300674438477,0.5280453562736511,0.3075985610485077,0.3635939955711365,0.4783511459827423,0.4621361196041107,0.4834726645046104,0.1299454915080441,0.3307240093888707
Quinbolone,0.6488121747970581,0.2649658024311065,0.9991518259048462,0.958730697631836,0.6479600667953491,0.3521296679973602,0.1598498672246933,0.4153191447257995,0.9997804760932922,0.5493878351509496,0.1775084549355023,0.3854494887036742
Stanozolol,0.7729707360267639,0.3219150900840759,0.983851969242096,0.975463569164276,0.87812739610672,0.3204163610935211,0.1173450723290443,0.8360018134117126,0.8901892900466919,0.8820895068593051,0.1796469270226145,0.563030689628203
Stenbolone,0.544289767742157,0.1979270577430725,0.9986752867698668,0.8961958289146423,0.6482107043266296,0.4560840129852295,0.9285417199134828,0.563790500164032,0.984941303730011,0.8748489506535009,0.2899236296875019,0.8387953563091219
Testosterone,0.8304239511489868,0.9620460867881776,0.9796311259269714,0.9909600019454956,0.0162774380296468,0.063085913658142,0.1036208197474479,0.0072527867741882,0.9942268133163452,0.9162388548421267,0.3545272164177596,0.8719458433947654
Tetrahydrogestrinone,0.7788636088371277,0.3343321084976196,0.974281907081604,0.9365765452384948,0.8206096887588501,0.4572823941707611,0.241931140422821,0.5138524174690247,0.9956100583076476,0.7457568094997985,0.1906315867502996,0.704727132809344
Tibolone,0.8106579184532166,0.0184838529676198,0.9998021721839904,0.9979135394096376,0.0002399646909907,0.0049499794840812,0.0721140578389167,1.6486380900460065e-06,0.9766737818717957,0.745334937009054,0.0993920137787413,0.5859509071303102
Trenbolone,0.6651489734649658,0.3485182225704193,0.8872181177139282,0.9358003735542296,0.8934282660484314,0.4616516828536987,0.9202178567647934,0.5194403529167175,0.9989207983016968,0.8007991731266847,0.2347670662206464,0.7364994079818562
Trestolone,0.6464638113975525,0.2537707388401031,0.8666760921478271,0.899376630783081,0.6076675057411194,0.3954595327377319,0.792437344789505,0.2561393976211548,0.998078465461731,0.8765802903476777,0.3160907642359805,0.8177532532196239
