name,smiles,QED,caco2,hia,f20,f30,f50,PPB,BSEP,hERG,hERG-10um,DILI,Ames,Carcinogenicity,Respiratory,H-HT,Neurotoxicity-DI,Hematotoxicity,Nephrotoxicity-DI,Genotoxicity,NR-AR,NR-AR-LBD,NR-Aromatase,NR-ER,NR-ER-LBD,NR-PPAR-gamma,NR-AhR,SR-p53,logS,logP,logD,MW,TPSA,Lipinski,alkylated,composite_tox,pgp_inh,pgp_sub,OATP1B1,OATP1B3,BBB,CYP3A4-sub,CYP3A4-inh,t0.5,cl-plasma,Fu_pct
1-Androstenediol,C[C@]12C=C[C@H](O)C[C@@H]1CC[C@@H]1[C@@H]2CC[C@]2(C)[C@@H](O)CC[C@@H]12,0.67,-4.843032539505989,0.1178282499313354,0.8118376135826111,0.801976203918457,0.9086420685052872,0.6859723056719125,0.9438576102256776,0.1114509254693985,0.4537164270877838,0.1778024435043335,0.4057166874408722,0.9220219254493712,0.9328647255897522,0.5264122486114502,0.1777433604001999,0.1989531219005584,0.4271124303340912,0.529545783996582,0.9867069125175476,0.9890503883361816,0.1916563063859939,0.9954710006713868,0.991868257522583,0.8912057615816593,0.6775470450520515,0.508364737033844,-4.366122797174333,3.905766205430363,3.9399898128643103,290.22,40.46,0,False,0.3863065474563175,0.3008969724178314,0.5311649441719055,0.9526578783988952,0.721706748008728,0.7182019352912903,0.6824659556150436,0.5525243934243917,2.186250771952517,1.6575064794394223,29.19328363479576
1-Androstenedione,C[C@]12C=CC(=O)C[C@@H]1CC[C@@H]1[C@@H]2CC[C@]2(C)C(=O)CC[C@@H]12,0.676,-4.681632507251491,0.5552172660827637,0.1535449028015136,0.5901660919189453,0.7793362587690353,0.8628094978738575,0.9997454285621644,0.1124073714017868,0.4788354933261871,0.3479958176612854,0.4587349593639374,0.9412492513656616,0.8735928535461426,0.6625953316688538,0.6398376226425171,0.2267418801784515,0.4466629028320313,0.8130996227264404,0.992830216884613,0.9984453320503236,0.2866970896720886,0.9987844824790956,0.9886547327041626,0.8710169233381748,0.8009114302694798,0.2635710537433624,-3.8924636778418895,3.016517808323863,3.225100055545539,286.19,34.14,0,False,0.5165916399823295,0.9957411289215088,0.11669524246826768,0.9957064986228944,0.9992846846580504,0.17590194940567017,0.9998883008956908,0.12006842344999312,9.037343318880646,9.992802897705412,15.33631251312679
1-Androsterone,C[C@]12C=C[C@@H](O)C[C@@H]1CC[C@@H]1[C@@H]2CC[C@]2(C)C(=O)CC[C@@H]12,0.69,-4.598847697511415,0.1239895820617675,0.2618193030357361,0.7732689082622528,0.8448894917964935,0.6150572073324494,0.9991629123687744,0.7699082046747208,0.4197165668010712,0.4524555802345276,0.3287919759750366,0.8575067520141602,0.928354263305664,0.6642510890960693,0.3993450999259949,0.2847216725349426,0.5657944679260254,0.626237154006958,0.9889666438102722,0.9880671501159668,0.1935785710811615,0.9945539236068726,0.9782673120498656,0.8244335651397705,0.1060379948467016,0.1271784901618957,-3.905563985086406,3.3692342039644028,3.444481645880608,288.21,37.3,0,False,0.5498902218209373,0.9633840918540956,0.13190059922635555,0.99877268075943,0.999478280544281,0.6908174604177475,0.9345746040344238,0.9368534199893476,1.1235990783873673,1.047145229103546,41.094615847828045
1-Epiandrosterone,C[C@]12C=C[C@@H](O)C[C@@H]1CC[C@@H]1[C@@H]2CC[C@]2(C)C(=O)CC[C@@H]12,0.69,-4.598847697511415,0.1239895820617675,0.2618193030357361,0.7732689082622528,0.8448894917964935,0.6150572073324494,0.9991629123687744,0.7699082046747208,0.4197165668010712,0.4524555802345276,0.3287919759750366,0.8575067520141602,0.928354263305664,0.6642510890960693,0.3993450999259949,0.2847216725349426,0.5657944679260254,0.626237154006958,0.9889666438102722,0.9880671501159668,0.1935785710811615,0.9945539236068726,0.9782673120498656,0.8244335651397705,0.1060379948467016,0.1271784901618957,-3.905563985086406,3.3692342039644028,3.444481645880608,288.21,37.3,0,False,0.5498902218209373,0.9633840918540956,0.13190059922635555,0.99877268075943,0.999478280544281,0.6908174604177475,0.9345746040344238,0.9368534199893476,1.1235990783873673,1.047145229103546,41.094615847828045
1-Testosterone,C[C@]12C=CC(=O)C[C@@H]1CC[C@@H]1[C@@H]2CC[C@]2(C)[C@@H](O)CC[C@@H]12,0.737,-4.749493789520701,0.3308534622192383,0.8761217817664146,0.8277196735143661,0.9194341376423836,0.8701122224280824,0.9835928678512572,0.92154361307621,0.4057896733283996,0.1527744233608245,0.3744795620441437,0.9591686725616456,0.8720667362213135,0.5856945514678955,0.2112280577421188,0.1013406068086624,0.3967994153499603,0.6208938360214233,0.9949533343315125,0.9974910020828248,0.1947741359472274,0.9981104135513306,0.9914492964744568,0.5782102234661579,0.4905145149677992,0.4881400167942047,-4.158136172962776,3.644385117859376,3.646693524136759,288.21,37.3,0,False,0.480435859825876,0.6514676809310913,0.13527797162532806,0.6354994773864746,0.36233916878700256,0.7107052206993103,0.9490249156951904,0.14938073232769966,2.024871875071973,1.712664839263267,12.82696352812749
4-Androstenediol,C[C@]12CC[C@H]3[C@@H](CCC4=C[C@@H](O)CC[C@@]43C)[C@@H]1CC[C@@H]2O,0.668,-4.538368799331443,0.1335620880126953,0.980774886906147,0.9699524343013765,0.9984549345681444,0.7312108752878379,0.9596006274223328,0.153082400560379,0.5028061866760254,0.151604875922203,0.4159020483493805,0.9579251408576964,0.9724136590957642,0.7764715552330017,0.1155536621809005,0.3172414004802704,0.4872671365737915,0.1495829820632934,0.9954635500907898,0.9986860156059264,0.2317967116832733,0.9990743398666382,0.9990456700325012,0.6331798154860735,0.2256680047139525,0.7190682291984558,-4.688721751623814,4.368444787179131,4.092963207999265,290.22,40.46,0,False,0.3916256891356574,0.5078536868095398,0.6429444551467896,0.9899019002914428,0.9565687775611876,0.9552636742591858,0.4022748616989702,0.22089488804340365,1.8327457625968704,1.7481008579888293,22.948087536008853
4-Hydroxytestosterone,C[C@]12CC[C@H]3[C@@H](CCC4=C(O)C(=O)CC[C@@]43C)[C@@H]1CC[C@@H]2O,0.716,-4.512125010579856,0.2489078044891357,0.9709309469908476,0.9644778445363044,0.99849907157477,0.7619952472569334,0.7421067357063293,0.6079478189349174,0.2162553071975708,0.3071365356445312,0.2531159520149231,0.9451509714126588,0.8729931116104126,0.7467855215072632,0.1531689763069152,0.4391788542270661,0.539254367351532,0.3032937049865722,0.9977533221244812,0.9992648959159852,0.3245470821857452,0.999603807926178,0.99858558177948,0.2019204199314117,0.1283699064515531,0.8845033049583435,-4.305473783315736,3.1808286924666183,3.2589176291700075,304.2,57.53,0,False,0.4772258558207088,0.27569085359573364,0.25659334659576416,0.993450164794922,0.9973925352096558,0.9413300156593324,0.7597084045410156,0.895363911986351,1.7995167065228057,8.795819441008254,24.3053857834249
5-Androstenedione,C[C@]12CCC(=O)CC1=CC[C@@H]1[C@@H]2CC[C@]2(C)C(=O)CC[C@@H]12,0.629,-4.422627654696148,0.6021261215209961,0.2027273178100586,0.2241559028625488,0.6372731029987335,0.9087316655543076,0.9998512268066406,0.130541518330574,0.4812400639057159,0.3264882266521454,0.3992656767368316,0.8786972165107727,0.6876224279403687,0.5691105127334595,0.6571015119552612,0.5234524607658386,0.2770759165287018,0.8569247722625732,0.9770436882972716,0.9750922918319702,0.4626862406730652,0.9927237629890442,0.9601836800575256,0.5487916618585587,0.4946832358837128,0.2054885476827621,-3.478133555577368,2.6784509408684496,2.7923695273706475,286.19,34.14,0,False,0.5131842013862398,0.994751751422882,0.3514506679493934,0.9988409876823424,0.9999892711639404,0.1413151901215315,0.999866247177124,0.10945795476436616,5.30211085414493,9.5360395854174,87.4083632570342
7α-Hydroxy-DHEA,C[C@]12CC[C@H](O)CC1=C[C@@H](O)[C@@H]1[C@@H]2CC[C@]2(C)C(=O)CC[C@@H]12,0.677,-4.73651748865699,0.2952218055725097,0.4112743735313415,0.7864924073219299,0.985592808574438,0.6623460404496142,0.99755597114563,0.1295313388109207,0.3748492300510406,0.4062161147594452,0.6445625424385071,0.6940276026725769,0.6870829463005066,0.5721956491470337,0.3874972462654114,0.3856334686279297,0.5821311473846436,0.7978411316871643,0.8662460446357727,0.7829151153564453,0.7770392298698425,0.9595699906349182,0.8258215188980103,0.128333181142807,0.1895988173782825,0.4468648731708526,-3.5986751126364704,1.709566898802148,2.1216518159897846,304.2,57.53,0,False,0.5110706935326258,0.5702880620956421,0.8229529112577438,0.9995757937431335,0.9999288320541382,0.18482020124793053,0.5555357784032822,0.1796424202620983,1.5636978350117667,1.3886201095115442,35.77837055415981
7β-Hydroxy-DHEA,C[C@]12CC[C@H](O)CC1=C[C@@H](O)[C@@H]1[C@@H]2CC[C@]2(C)C(=O)CC[C@@H]12,0.677,-4.73651748865699,0.2952218055725097,0.4112743735313415,0.7864924073219299,0.985592808574438,0.6623460404496142,0.99755597114563,0.1295313388109207,0.3748492300510406,0.4062161147594452,0.6445625424385071,0.6940276026725769,0.6870829463005066,0.5721956491470337,0.3874972462654114,0.3856334686279297,0.5821311473846436,0.7978411316871643,0.8662460446357727,0.7829151153564453,0.7770392298698425,0.9595699906349182,0.8258215188980103,0.128333181142807,0.1895988173782825,0.4468648731708526,-3.5986751126364704,1.709566898802148,2.1216518159897846,304.2,57.53,0,False,0.5110706935326258,0.5702880620956421,0.8229529112577438,0.9995757937431335,0.9999288320541382,0.18482020124793053,0.5555357784032822,0.1796424202620983,1.5636978350117667,1.3886201095115442,35.77837055415981
7-Keto-DHEA,C[C@]12CC[C@H](O)CC1=CC(=O)[C@@H]1[C@@H]2CC[C@]2(C)C(=O)CC[C@@H]12,0.748,-4.532489777969318,0.7104873657226562,0.2952613830566406,0.311738908290863,0.9074626043438913,0.6790225993176029,0.9995577931404114,0.1049785912036895,0.3489733636379242,0.4700980484485626,0.650582492351532,0.8868792057037354,0.6826611757278442,0.6650947332382202,0.750137448310852,0.5560494065284729,0.529718279838562,0.8719038367271423,0.860477089881897,0.7858452200889587,0.5412890315055847,0.905993103981018,0.7018877863883972,0.1782595366239547,0.3358561173081398,0.492272436618805,-3.906747673774035,1.7894918244497615,2.1426430086056465,302.19,54.37,0,False,0.6094935602611966,0.9396334886550904,0.41363914497196674,0.9971503615379332,0.9995369911193848,0.3786907717585564,0.997368335723877,0.12815489899367094,1.2500812585115773,1.25115299823359,34.793828221334664
11β-Methyl-19-nortestosterone,C[C@H]1C[C@]2(C)[C@@H](O)CC[C@H]2[C@@H]2CCC3=CC(=O)CC[C@@H]3[C@H]21,0.737,-4.529612323539308,0.1166045665740966,0.4161914587020874,0.8990466818213463,0.9753547925502062,0.8658067984317367,0.991287648677826,0.4822993278503418,0.2377823442220688,0.2285175770521164,0.3434078693389892,0.9066332578659058,0.534130871295929,0.6758515238761902,0.9276417642831802,0.4043706357479095,0.2583405375480652,0.3912111520767212,0.9993017911911012,0.9992092847824096,0.5524044036865234,0.9967768788337708,0.9060001373291016,0.121917026117444,0.7193174678832293,0.4099984765052795,-3.581016506000128,3.5600038049071143,3.468790755892295,288.21,37.3,0,False,0.5131415161821578,0.951910674571991,0.9837902337312698,0.9992479681968688,0.992699921131134,0.1937766820192337,0.999996304512024,0.6458634976297617,1.8134308210395993,1.712315545101267,12.222888459281656
17α-Methylepithiostanol (Epistane),C[C@]12C[C@H]3S[C@H]3C[C@@H]1CC[C@@H]1[C@@H]2CC[C@@]2(C)[C@H]1CC[C@]2(C)O,0.642,-4.5596192156735835,0.981450080871582,0.8647446632385254,0.4887151718139648,0.935467891395092,0.9539935027123128,0.993770182132721,0.1083675026893615,0.5013171434402466,0.5744045972824097,0.3859192430973053,0.9221408367156982,0.8372128009796143,0.7287108898162842,0.2517444640398025,0.4162715673446655,0.8296114802360535,0.3818777501583099,0.9838213920593262,0.9698549509048462,0.3219002187252044,0.9957017302513124,0.9835401177406312,0.6495924293994904,0.11593509465456,0.8599647879600525,-5.585572189211188,4.799112189970836,4.303413914668813,320.22,20.23,0,True,0.5110053701533211,0.6589061617851257,0.34238332509994507,0.8253995180130005,0.1200479343533516,0.11424601078033449,0.998258650302887,0.22277552634477615,7.969060276501896,1.081001564681486,38.93238279991974
19-Norandrostenediol,C[C@]12CC[C@H]3[C@@H](CC=C4C[C@@H](O)CC[C@@H]43)[C@@H]1CC[C@@H]2O,0.667,-4.859917575760903,0.121384859085083,0.9666392728686332,0.8964774385094643,0.993590311612934,0.6662708999970107,0.8788625001907349,0.4794569686055183,0.2568627595901489,0.1019388362765312,0.2802045345306396,0.8811192512512207,0.6720585823059082,0.6404198408126831,0.4892165586352348,0.2339247763156891,0.3928583562374115,0.2444636262953281,0.9746461510658264,0.9810106158256532,0.2193071991205215,0.9955381751060486,0.9944544434547424,0.3396535664796829,0.5875272676348686,0.657906174659729,-4.690202408144735,4.279641682553317,4.119563709406373,276.21,40.46,0,False,0.415955860995584,0.2874051034450531,0.95319402217865,0.893443763256073,0.6328180432319641,0.8595642447471619,0.829372766,0.1134905032813549,1.888046681010882,1.4887609818873702,29.848790316971424
19-Norandrostenedione,C[C@]12CC[C@H]3[C@@H](CCC4=CC(=O)CC[C@@H]43)[C@@H]1CCC2=O,0.674,-4.428039021382226,0.1092791557312011,0.1725481152534485,0.63041952252388,0.4703325629234314,0.9394455839698465,0.9990056157112122,0.8136048167943954,0.2932924628257751,0.4478358328342438,0.4662555158138275,0.89122074842453,0.6421381831169128,0.7126657366752625,0.4664953052997589,0.6938089728355408,0.3420121967792511,0.741579532623291,0.9995113611221312,0.9999148845672609,0.4565709829330444,0.9999371767044068,0.9978646636009216,0.2654369454830885,0.1323311007581651,0.4321801364421845,-3.7803955724609337,3.085952496960457,3.199358873044168,272.18,34.14,0,False,0.6194976286755668,0.9882304668426514,0.22490795701742172,0.99933260679245,0.9981018900871276,0.11370860040187836,0.9999998807907104,0.12693578377366066,9.31600878799466,1.1292292371823802,74.9619586453744
"Androst-4-ene-3,11,17-trione (Adrenosterone)",C[C@]12CCC(=O)C=C1CC[C@@H]1[C@@H]2C(=O)C[C@]2(C)C(=O)CC[C@@H]12,0.69,-4.360063866662265,0.3622770309448242,0.637962818145752,0.1524603962898254,0.555916965007782,0.8855197549570009,0.9997047781944276,0.6652294099330902,0.3435426950454712,0.489695817232132,0.5018842816352844,0.8564066886901855,0.4787636697292328,0.7158083319664001,0.8740648031234741,0.7531261444091797,0.5810317397117615,0.9906127452850342,0.9978615641593932,0.9777665138244628,0.3932704925537109,0.9652693867683412,0.318582683801651,0.1215524040162563,0.1191368605941534,0.1320153325796127,-3.834343988165529,1.6914761437385517,1.9953802004796124,300.17,51.21,0,False,0.7142066624429491,0.9837574362754822,0.558467407245189,0.9998794794082642,0.9999748468399048,0.5654673650860786,0.9999953508377076,0.11384825920686126,9.270567553878417,1.1452257938845185,11.965162428455974
Androstanolone (DHT),C[C@]12CCC(=O)C[C@@H]1CC[C@@H]1[C@@H]2CC[C@]2(C)[C@@H](O)CC[C@@H]12,0.733,-4.545920336750163,0.1955270767211914,0.9807799570262432,0.8959375694394112,0.9637102596461772,0.8526132189672883,0.9823195338249208,0.1101616621017456,0.4294073283672333,0.1683239042758941,0.3708783388137817,0.9275422692298888,0.7000395655632019,0.6028426289558411,0.2216500341892242,0.2159193456172943,0.3918328583240509,0.5665561556816101,0.9915327429771424,0.9955639839172364,0.1443639099597931,0.997905731201172,0.996871292591095,0.1302504353225231,0.58919508010149,0.5831937193870544,-4.103145232857504,3.772521323555644,3.736357550967128,290.22,37.3,0,False,0.3973007996877034,0.8820110559463501,0.2376992404460907,0.46224185824394226,0.3261231482028961,0.25714412331581116,0.9915367364883424,0.6028554402291775,1.7156737486300495,1.691086475458762,15.965396888975828
Androstenediol,C[C@]12CC[C@H]3[C@@H](CC=C4C[C@@H](O)CC[C@@]43C)[C@@H]1CC[C@@H]2O,0.668,-4.81623983010691,0.2232193946838379,0.8968978002667427,0.6303489506244659,0.9961775247938932,0.7570321835141243,0.9531615376472472,0.8441580832004547,0.4228006303310394,0.1108891814947128,0.2396127879619598,0.9575764536857604,0.8032394051551819,0.6540142297744751,0.1298392564058303,0.1512141227722168,0.3973714411258697,0.656857043504715,0.94164776802063,0.9574080109596252,0.1824339330196381,0.9946942925453186,0.9966520667076112,0.4614664986729622,0.4774560686200857,0.6068804860115051,-4.621999144319097,4.272734361478608,4.04547767511623,290.22,40.46,0,False,0.4601702888806661,0.5587989687919617,0.836739182472229,0.9961403012275696,0.9732552766799928,0.929343044757843,0.191445578821,0.5846365820616484,1.7662132542269544,1.775886362638491,21.63898031052027
Androstenedione,C[C@]12CCC(=O)C=C1CC[C@@H]1[C@@H]2CC[C@]2(C)C(=O)CC[C@@H]12,0.672,-4.401599978719139,0.5146265029907227,0.1715415716171264,0.2875838279724121,0.5861324071884155,0.9324616728361071,0.9999256134033204,0.1209469586610794,0.4969089329242706,0.3196698129177093,0.3811768889427185,0.8633577823638916,0.6237602829933167,0.6794752478599548,0.7586085200309753,0.5205958485603333,0.3457675576210022,0.904261589050293,0.9999054670333862,0.9999210834503174,0.3624744415283203,0.999810755252838,0.9898422360420228,0.2088973997160792,0.2905647503212094,0.1639671325683593,-4.022400567797542,2.475536688461526,2.69255637490348,286.19,34.14,0,False,0.5437622451119952,0.998158037662506,0.40986997191794217,0.999777376651764,0.9998843669891356,0.1886705681681633,0.9999992847442628,0.10797114111483096,5.508615538606614,9.910896356498991,65.46968328875268
Bolasterone,C[C@@H]1CC2=CC(=O)CC[C@]2(C)[C@H]2CC[C@@]3(C)[C@@H](CC[C@]3(C)O)[C@H]12,0.713,-4.505431943631654,0.5098581314086914,0.3171339035034179,0.1458294987678527,0.6648532450199127,0.9390089236826327,0.9922212958335876,0.7307925820350647,0.2950080931186676,0.1690592169761657,0.3790939450263977,0.945418655872345,0.7503511905670166,0.8018911480903625,0.364506185054779,0.371888130903244,0.6799624562263489,0.713884711265564,0.999126136302948,0.9979300498962402,0.5452616810798645,0.9969769716262816,0.9223704934120178,0.3620313107967377,0.2107701823115348,0.6133582592010498,-3.5010310564593894,3.20098062025264,3.2002050702746443,316.24,37.3,0,True,0.5729441146055857,0.6759138107299805,0.9887849539518356,0.9984450936317444,0.9880934357643129,0.5941259115934372,0.9999998807907104,0.1091085560619831,8.360932815775874,1.11994348406844,60.4915544743916
Boldenone,C[C@]12CC[C@H]3[C@@H](CCC4=CC(=O)C=C[C@@]43C)[C@@H]1CC[C@@H]2O,0.738,-4.8724366929785194,0.2241015434265136,0.9348505139350892,0.7539568245410919,0.99061365891248,0.8130763870726292,0.9926785230636596,0.1816698610782623,0.5698786377906799,0.9264467656612396,0.3271412551403045,0.9762994647026062,0.9654560089111328,0.7556105256080627,0.3505778908729553,0.1729764938354492,0.2974594235420227,0.8596619367599487,0.99982750415802,0.9996991157531738,0.4257794618606567,0.9993545413017272,0.9965582489967346,0.1333707827143371,0.778960483148694,0.4143024682998657,-4.352499528529727,3.2941980836834,3.322107922042197,286.19,37.3,0,False,0.5386492908000946,0.8522313833236694,0.8979175239801407,0.6572709083557129,0.7252137660980225,0.9995734095573424,0.802396908402443,0.6557598244398832,1.6174503069535304,1.3806657779096445,20.090482335133036
Boldione,C[C@]12C=CC(=O)C=C1CC[C@@H]1[C@@H]2CC[C@]2(C)C(=O)CC[C@@H]12,0.677,-4.932044243630917,0.6039142608642578,0.7407760620117188,0.3331202268600464,0.6789551973342896,0.8944251952403084,0.999941349029541,0.1518318206071853,0.5079373121261597,0.2205708175897598,0.3681994378566742,0.9244373440742492,0.9109897017478944,0.6799533367156982,0.6798276901245117,0.2100478708744049,0.256414532661438,0.9636735916137696,0.9998169541358948,0.9994396567344666,0.6151708960533142,0.9994230270385742,0.9882004261016846,0.113311770837754,0.244806632399559,0.8398067951202393,-3.958838602736151,2.3115518121220577,2.5741776355925694,284.18,34.14,0,False,0.494995160235299,0.9971701502799988,0.38819489418528974,0.9996078610420228,0.9998749494552612,0.2277623675763607,0.9999440908432008,0.2130367010831833,9.83144706079099,1.0476735500225722,11.106864364094418
Calusterone,C[C@@H]1CC2=CC(=O)CC[C@]2(C)[C@H]2CC[C@@]3(C)[C@@H](CC[C@]3(C)O)[C@H]12,0.713,-4.505431943631654,0.5098581314086914,0.3171339035034179,0.1458294987678527,0.6648532450199127,0.9390089236826327,0.9922212958335876,0.7307925820350647,0.2950080931186676,0.1690592169761657,0.3790939450263977,0.945418655872345,0.7503511905670166,0.8018911480903625,0.364506185054779,0.371888130903244,0.6799624562263489,0.713884711265564,0.999126136302948,0.9979300498962402,0.5452616810798645,0.9969769716262816,0.9223704934120178,0.3620313107967377,0.2107701823115348,0.6133582592010498,-3.5010310564593894,3.20098062025264,3.2002050702746443,316.24,37.3,0,True,0.5729441146055857,0.6759138107299805,0.9887849539518356,0.9984450936317444,0.9880934357643129,0.5941259115934372,0.9999998807907104,0.1091085560619831,8.360932815775874,1.11994348406844,60.4915544743916
Clostebol,C[C@]12CC[C@H]3[C@@H](CCC4=C(Cl)C(=O)CC[C@@]43C)[C@@H]1CC[C@@H]2O,0.715,-4.474155285129689,0.1576542854309082,0.6842082142829895,0.6746542751789093,0.984045946970582,0.8189578636542382,0.9878837466239928,0.9296289831399918,0.501068115234375,0.7557706534862518,0.6795687675476074,0.9670284390449524,0.9939383268356324,0.8221547603607178,0.3179204761981964,0.5930637717247009,0.3116276264190674,0.5093989968299866,0.997112512588501,0.9976365566253662,0.2292214334011078,0.9994643330574036,0.998263418674469,0.1671902253292501,0.975980656221509,0.8479573726654053,-5.26484222377942,4.222165932972624,3.94848345817832,322.17,37.3,0,False,0.6540180527501636,0.76718670129776,0.11319076269865036,0.9873065948486328,0.9939591884613036,0.9738321900367736,0.5449007749557495,0.28444090858101845,1.445437434260628,1.34107188675037,14.739780691257492
Danazol,C#C[C@]1(O)CC[C@H]2[C@@H]3CCC4=Cc5oncc5C[C@]4(C)[C@H]3CC[C@@]21C,0.721,-4.670672341611185,0.0008235573768615,2.6226043701171875e-06,2.1219253540039062e-05,0.0944706797599792,0.9734238904451848,0.9999948740005492,0.9869022369384766,0.8267067074775696,0.0142092881724238,0.1341283023357391,0.93364155292511,0.973942756652832,0.9123857617378236,0.0459003634750843,0.0123859662562608,0.0006251926533877,0.9532315135002136,0.9662653803825378,0.9866602420806884,0.7520748376846313,0.9986762404441832,0.9952955842018129,0.135599672794342,0.03440872579813,0.7632449865341187,-5.216013235507287,3.914121624200946,3.6566074776798736,337.2,46.26,0,True,0.4437122419993911,0.0011256234720349312,1.7956774627236882e-06,1.0,1.0,0.007906300015747547,0.676617443561554,0.7183210849761963,1.1910128023571547,2.2453428930924932,1.7974458403956002
Dehydrochlormethyltestosterone (Oral Turinabol),C[C@]12C=CC(=O)C(Cl)=C1CC[C@@H]1[C@@H]2CC[C@@]2(C)[C@H]1CC[C@]2(C)O,0.702,-4.919138391240798,0.2155423164367676,0.5608548820018768,0.2363762855529785,0.7970617264509201,0.9679519549432443,0.9988611936569214,0.4991415143013001,0.2726082801818847,0.6894521415233612,0.6285092234611511,0.9750468730926514,0.9945717453956604,0.8528284430503845,0.2828579246997833,0.2655006051063537,0.5596423149108887,0.8571831583976746,0.9988682270050048,0.995937705039978,0.7214833498001099,0.999283254146576,0.9983822107315063,0.1065595890395343,0.1584867760539055,0.774857759475708,-4.295849123806727,3.294615745315037,3.3584151450176085,334.17,37.3,0,True,0.6233513553937277,0.35487720370292664,0.5153746530413628,0.6408942937850952,0.184879407286644,0.330138236284256,0.9991922974586488,0.4672495722770691,7.73095249215845,9.412979388430667,21.95360103057773
Desoxymethyltestosterone,C[C@]12CC=CC[C@@H]1CC[C@@H]1[C@@H]2CC[C@@]2(C)[C@H]1CC[C@]2(C)O,0.626,-4.495863732039462,0.3187239170074463,0.9834418930113316,0.6515733599662781,0.8556602746248245,0.959018479178906,0.9960761666297911,0.3769830986857414,0.1647913455963134,0.7212988287210464,0.1838790327310562,0.967514157295227,0.7650511860847473,0.6123213768005371,0.1197278201580047,0.5312499403953552,0.7332544922828674,0.9627800434827803,0.9789854288101196,0.9797722101211548,0.2497146427631378,0.9973306655883788,0.9943535327911376,0.3354629129171371,0.1161942165344953,0.4454174339771271,-5.31548308181612,4.85976964454334,4.254755575500388,288.25,20.23,0,True,0.5787787545058463,0.8844346404075623,0.2942206561565399,0.5056488513946533,0.3898856043815613,0.9238872677087784,0.7797638773918152,0.7612303830683231,4.730271013985254,9.428538037525724,45.83773632516692
Dimethandrolone,C[C@@H]1CC2=CC(=O)CC[C@@H]2[C@@H]2[C@@H]1[C@@H]1CC[C@H](O)[C@@]1(C)C[C@@H]2C,0.735,-4.722856913685057,0.1793861389160156,0.5931085348129272,0.1471684575080871,0.4930893182754516,0.87567697933631,0.995520830154419,0.4979131370782852,0.2341194897890091,0.4298090040683746,0.6753103137016296,0.7609316110610962,0.7982453107833862,0.5266794562339783,0.5496756434440613,0.8298159837722778,0.6887375116348267,0.9169908165931702,0.9887093901634216,0.9488144516944884,0.3217534720897674,0.9802510142326356,0.4895815551280975,0.6696180254220963,0.2822092734277248,0.3520195186138153,-2.9825991347204126,2.5034153017794027,2.730563533532522,302.22,37.3,0,False,0.6528737197319666,0.3691706359386444,0.5204297602176666,0.3289271593093872,0.1931624673306942,0.3613651990890503,0.9223819375038148,0.1156461238861084,1.2404289564131814,1.2975557257293813,10.931253491932347
Drostanolone,C[C@@H]1C[C@@]2(C)[C@@H](CC[C@@H]3[C@@H]2CC[C@]2(C)[C@@H](O)CC[C@@H]32)CC1=O,0.728,-4.597864460099421,0.1488924026489257,0.8557426035404205,0.3403517603874206,0.8899804949760437,0.8960414685001468,0.9992039799690248,0.6739696860313416,0.2696269154548645,0.1986162066459656,0.4644487798213959,0.863807201385498,0.7292999029159546,0.5154774785041809,0.2167932838201522,0.3647825717926025,0.6161924004554749,0.6957525610923767,0.9873837828636168,0.9909488558769226,0.2897551357746124,0.9939653277397156,0.9730563759803772,0.3142074868083,0.1537705492228269,0.556428074836731,-3.67828164063288,2.969931539174644,3.1772175542798973,304.24,37.3,0,False,0.5122044632832209,0.9858303666114808,0.7299295663833618,0.6148143410682678,0.44507139921188354,0.45882951468229294,0.8985520601272583,0.17715126741677523,1.2186785969087026,1.482995708356389,13.237533108179653
Epiandrosterone,C[C@]12CC[C@H](O)C[C@@H]1CC[C@@H]1[C@@H]2CC[C@]2(C)C(=O)CC[C@@H]12,0.733,-4.751456183722719,0.2637922763824463,0.3092519044876098,0.5607804656028748,0.8845012485980988,0.7977462402658988,0.996528685092926,0.1518833041191101,0.4647715985774994,0.1711027026176452,0.5703590512275696,0.8791468143463135,0.8054956197738647,0.5730565786361694,0.4096554517745972,0.3135118782520294,0.4223254323005676,0.415457010269165,0.9692912697792052,0.9845544695854188,0.192964881658554,0.9961090683937072,0.9920565485954284,0.2778423391282558,0.6746053230017424,0.3196216523647308,-4.27399571581746,3.787363450483233,3.7820728642807664,290.22,37.3,0,False,0.434055358171463,0.9692261815071106,0.13971198350191116,0.9994643330574036,0.9998733997344972,0.3843836113810539,0.9829583764076232,0.6405405234545469,1.310981329026283,1.2856926232672183,22.130369453766857
Epi-dihydrotestosterone,C[C@]12CCC(=O)C[C@@H]1CC[C@@H]1[C@@H]2CC[C@]2(C)[C@@H](O)CC[C@@H]12,0.733,-4.545920336750163,0.1955270767211914,0.9807799570262432,0.8959375694394112,0.9637102596461772,0.8526132189672883,0.9823195338249208,0.1101616621017456,0.4294073283672333,0.1683239042758941,0.3708783388137817,0.9275422692298888,0.7000395655632019,0.6028426289558411,0.2216500341892242,0.2159193456172943,0.3918328583240509,0.5665561556816101,0.9915327429771424,0.9955639839172364,0.1443639099597931,0.997905731201172,0.996871292591095,0.1302504353225231,0.58919508010149,0.5831937193870544,-4.103145232857504,3.772521323555644,3.736357550967128,290.22,37.3,0,False,0.3973007996877034,0.8820110559463501,0.2376992404460907,0.46224185824394226,0.3261231482028961,0.25714412331581116,0.9915367364883424,0.6028554402291775,1.7156737486300495,1.691086475458762,15.965396888975828
Epitestosterone,C[C@]12CC[C@H]3[C@@H](CCC4=CC(=O)CC[C@@]43C)[C@@H]1CC[C@H]2O,0.734,-4.4006669791530655,6.473064422607422e-05,0.1750088930130005,0.4544553160667419,0.9576140865683556,0.9187371066678637,0.9999202489852904,0.0441729910671711,0.2426723390817642,0.986575961112976,0.0476502738893032,0.9929431080818176,0.101002424955368,0.8575517535209656,0.9834395051002502,0.0952173098921775,0.0053005046211183,0.0133709087967872,0.9930282235145568,0.9969123601913452,0.3298467099666595,0.9987348914146424,0.9957255125045776,0.0042359256185591,0.0060720522888004,0.2509120404720306,-3.947594867280404,3.125519624085173,3.141081818025999,288.21,37.3,0,False,0.4473580351202852,0.9950289130210876,0.04455634206533432,0.9998654127120972,0.9991185069084167,0.002434958703815937,0.5935426950454712,0.3063488006591797,0.6897920189790885,24.38089898095008,4.077966418484591
Ethylestrenol,CC[C@]1(O)CC[C@H]2[C@@H]3CCC4=CCCC[C@@H]4[C@H]3CC[C@@]21C,0.666,-4.57829903265838,0.0069281458854675,0.0003074407577514,0.9951386209577322,0.81781305372715,0.9706508903196855,0.998728096485138,0.0396019183099269,0.9924261569976808,0.8810634613037109,0.0020820531062781,0.9966086149215698,0.5965939164161682,0.89336758852005,0.5464248061180115,1.551877721794881e-05,1.0241923519060949e-05,1.0688663678593002e-06,0.9688947200775146,0.990409255027771,0.24272221326828,0.9990963935852052,0.9987121820449828,0.0059835650026798,0.006596852093935,0.3374086022377014,-5.3176347915307565,5.281998118099512,4.346781353053869,288.25,20.23,0,True,0.3732416968718502,0.0167654100805521,0.13494640588760376,1.0,1.0,0.006333451718091965,0.6462981104850769,0.40625905990600586,0.4883868623219261,18.32160399933402,4.898725761756684
Fluoxymesterone,C[C@]1(O)CC[C@H]2[C@@H]3CCC4=CC(=O)CC[C@]4(C)[C@@]3(F)[C@@H](O)C[C@@]21C,0.713,-4.654294187898213,0.5749344825744629,0.5742488503456116,0.4608955979347229,0.8972456008195877,0.9827693990555472,0.942164957523346,0.5388383567333221,0.2404445111751556,0.1033773720264434,0.3088925182819366,0.7804749011993408,0.8553696274757385,0.7362720370292664,0.2190764248371124,0.1751367002725601,0.7422149181365967,0.8859272003173828,0.9998464584350586,0.9996378421783448,0.5896318554878235,0.9961451292037964,0.8896304965019226,0.6981350015848875,0.1441804878413677,0.2312955856323242,-4.12385573295315,1.916948920093776,2.2848157143431176,336.21,57.53,0,True,0.4989122698704402,0.48904899507761,0.2287081778049469,0.9957680702209472,0.9960901141166688,0.3146386742591858,0.9993708729743958,0.1561418524943292,1.6389440691368864,1.010268476951968,18.39273676757521
Formebolone,C[C@]12C=C(C=O)C(=O)C=C1CC[C@@H]1[C@@H]2[C@H](O)C[C@@]2(C)[C@H]1CC[C@]2(C)O,0.566,-5.140211653875564,0.189681589603424,0.8697717636823654,0.6375620067119598,0.8986067697405815,0.9407509710259586,0.8816044926643372,0.4396960511803627,0.1858254969120025,0.1820488423109054,0.753654420375824,0.957861065864563,0.9376915097236632,0.6657893657684326,0.5568198561668396,0.2571852803230285,0.8456025123596191,0.9979720711708068,0.9978376030921936,0.9956193566322328,0.5773195251822472,0.9923027753829956,0.5944753885269165,0.7853882270865142,0.8906415896490216,0.4690347015857696,-3.392695308683916,1.5804123627798534,1.84752572922899,344.2,74.6,0,False,0.6285143850578202,0.6317181140184402,0.8778910338878632,0.9028502106666564,0.8558619022369385,0.771172046661377,0.1902795732021332,0.798143669962883,1.488056487031807,7.897723674980209,65.90605047416896
Furazabol,C[C@]12Cc3nonc3C[C@@H]1CC[C@@H]1[C@@H]2CC[C@@]2(C)[C@H]1CC[C@]2(C)O,0.786,-4.549400722324083,0.4479289054870605,0.963310431689024,0.8583177775144577,0.9858496151864528,0.947502969609132,0.9928111433982848,0.1074959933757782,0.5278521776199341,0.9386505484580994,0.4024354219436645,0.9218755960464478,0.9601885080337524,0.9421249628067015,0.1491147428750991,0.5114825963973999,0.7975889444351196,0.9848982691764832,0.9956368803977966,0.9928579330444336,0.1415417045354843,0.9989245533943176,0.9674188494682312,0.297240287065506,0.4620930179953575,0.1930143237113953,-5.086282994382812,4.216180943446663,3.936452993498005,330.23,59.15,0,True,0.6395185639460882,0.48779213428497314,0.4908521845936775,0.36069950461387634,0.5915901158004999,0.26475295424461365,0.9999500513076782,0.2060794038698077,5.131194001121043,8.442247595437394,51.10768133820059
Gestrinone,C#C[C@]1(O)CC[C@H]2[C@@H]3CCC4=CC(=O)CCC4=C3C=C[C@@]21CC,0.75,-4.650453745180313,1.1920928955078125e-07,0.0,0.0,1.0728836059570312e-06,0.9561878989350171,0.9999995231628418,0.5023936629295349,0.7585133910179138,0.008693104609847,0.1184952706098556,0.9833276867866516,0.8781667351722717,0.930104911327362,0.9962975382804872,0.0003324704885017,3.481824751361273e-05,0.0256786756217479,0.96353942155838,0.9800397157669068,0.8486077189445496,0.9950697422027588,0.983264148235321,0.2024516612291336,0.1970696747303009,0.823094367980957,-4.387330247843121,3.3922389323063307,3.318101060136228,308.18,37.3,0,True,0.396150904322389,0.0001670807832852006,5.90192576055415e-06,2.2834941773908213e-05,0.8324143290519714,0.030603423714637756,0.6727561354637146,0.6448920965194702,1.4642575480842996,1.7161832361094644,3.06613609223991
Mestanolone,C[C@]12CCC(=O)C[C@@H]1CC[C@@H]1[C@@H]2CC[C@@]2(C)[C@H]1CC[C@]2(C)O,0.722,-4.529234596532282,0.1727938652038574,0.9916141359135509,0.6620388925075531,0.9287948831915857,0.9445141767127546,0.995270311832428,0.7326071709394455,0.3150772154331207,0.1571112871170044,0.3853202760219574,0.970934271812439,0.7792277336120605,0.790001630783081,0.3326808214187622,0.2663375437259674,0.7580984234809875,0.6672711968421936,0.9927324652671814,0.9968482851982116,0.1870981901884079,0.9991527795791626,0.9985300302505492,0.181121826171875,0.5197093822062016,0.6127057075500488,-4.270357467736611,3.7887109858391166,3.7741743698929593,304.24,37.3,0,True,0.5622625135713153,0.8455477356910706,0.9805338084697724,0.12114042043685912,0.34265074878931046,0.2160189114511013,0.9993988275527954,0.18871758366003633,5.76259724806999,9.791532186109649,64.27710834276823
Mesterolone,C[C@H]1CC(=O)C[C@@H]2CC[C@H]3[C@@H]4CC[C@H](O)[C@@]4(C)CC[C@@H]3[C@]21C,0.728,-5.111461261275533,0.1350200176239013,0.772080808877945,0.5715335309505463,0.9902718970552088,0.5960134953024513,0.6830636858940125,0.4463890939950943,0.1599364876747131,0.2798957228660583,0.5442988872528076,0.946793794631958,0.8440476655960083,0.6884965896606445,0.889880359172821,0.534576952457428,0.7274674773216248,0.1247795820236206,0.9552435874938964,0.9751759767532348,0.6979618221521378,0.9889206290245056,0.9808321595191956,0.1712151803076267,0.1152847521007061,0.4368977546691894,-3.986581044937117,3.719003685815632,3.651436481860095,304.24,37.3,0,False,0.5758420510424508,0.1178147867321968,0.2288256883621216,0.9039649963378906,0.8007304668426514,0.6803471446037292,0.1457772869616747,0.2498575486242771,1.0541591225180449,1.373844282509545,43.94815027824156
Metandienone (Dianabol),C[C@]12C=CC(=O)C=C1CC[C@@H]1[C@@H]2CC[C@@]2(C)[C@H]1CC[C@]2(C)O,0.733,-4.9570922561602995,0.2525985240936279,0.8329562544822693,0.5017830729484558,0.8384930640459061,0.946192557559969,0.9966503977775574,0.8829528093338013,0.3199401795864105,0.8241473138332367,0.3091510534286499,0.9770334362983704,0.9334313869476318,0.7833076119422913,0.323693037033081,0.119259275496006,0.5637204647064209,0.9417288303375244,0.999907374382019,0.99955815076828,0.5647756457328796,0.9996761083602904,0.9960047602653505,0.106022716499865,0.1311480160802602,0.2502776682376861,-3.732457487688676,2.50257265495441,2.7896971549211,300.21,37.3,0,True,0.6361104258232646,0.6085866093635559,0.8101407438516617,0.44117623567581177,0.903901681303978,0.2948352098464966,0.9994376301765442,0.3265097737312317,9.261146763590968,1.0502438198944777,58.59087775774203
Metenolone,CC1=CC(=O)C[C@@H]2CC[C@H]3[C@@H]4CC[C@H](O)[C@@]4(C)CC[C@@H]3[C@@]12C,0.73,-5.031087560168165,0.3322368860244751,0.5924051403999329,0.1963115930557251,0.9619849920272828,0.8175178714624947,0.6176272034645081,0.4212303087115288,0.1197429299354553,0.49248006939888,0.6193573474884033,0.9460976719856262,0.8416790962219238,0.7428496479988098,0.8293259888887405,0.5593395829200745,0.81331866979599,0.5310643911361694,0.9960755705833436,0.9989346861839294,0.1716513037681579,0.9989522695541382,0.996535062789917,0.1683311886154115,0.1690824166871607,0.7753649353981018,-4.261013960432448,3.72592117243123,3.69699162024124,302.22,37.3,0,False,0.6616737420360247,0.5365055799484253,0.29905396699905396,0.7819564342498779,0.5529343485832214,0.86640465259552,0.8662387728691101,0.29711736366152763,9.563845435085813,1.3213642445647789,17.94296755839433
Methandriol,C[C@]12CC[C@H](O)CC1=CC[C@@H]1[C@@H]2CC[C@@]2(C)[C@H]1CC[C@]2(C)O,0.663,-4.533470128148788,0.7797479629516602,0.9358959197998048,0.5014887750148773,0.9705413021147252,0.7970409335680293,0.9412469267845154,0.8706174045801163,0.2454507648944854,0.1008064821362495,0.519477903842926,0.9590080976486206,0.8343939781188965,0.6343380212783813,0.195890411734581,0.2328512072563171,0.6729267239570618,0.4003352820873261,0.8770720362663269,0.8286440968513489,0.4113273322582245,0.9913344979286194,0.990505874156952,0.13087098300457,0.8904639631509781,0.7084160447120667,-3.908045078137265,3.147265246346276,3.3198172847660445,304.24,40.46,0,True,0.509583503835731,0.21832820773124695,0.8232245445251465,0.7606799602508545,0.11477568745613098,0.11301698535680772,0.6188367605209351,0.3861899487674236,8.508834361861652,1.2432092858461656,20.086159205482705
Methasterone (Superdrol),C[C@@H]1C[C@@]2(C)[C@@H](CC[C@@H]3[C@@H]2CC[C@@]2(C)[C@H]3CC[C@]2(C)O)CC1=O,0.709,-4.5777572338511145,0.1081347465515136,0.7930457293987274,0.377676784992218,0.9179659709334372,0.9447361719503029,0.9995787739753724,0.47905083745718,0.1692109704017639,0.1889605075120926,0.4651215076446533,0.9540637135505676,0.8352759480476379,0.734001636505127,0.2183174341917038,0.4017117917537689,0.8311259150505066,0.7023378610610962,0.9821321964263916,0.9922147393226624,0.344929039478302,0.9964184761047364,0.9818314909934998,0.333634503185749,0.1696161553263664,0.6184818744659424,-3.433788101908046,3.096819569479216,3.2437707666152225,318.26,37.3,0,True,0.5527434671918551,0.987979769706726,0.10457774996757507,0.9985741376876832,0.983146607875824,0.13021890772506595,0.9992563128471376,0.4046568647027016,4.297607277570562,9.775009408333156,65.07750472060982
Methyl-1-testosterone,C[C@]12C=CC(=O)C[C@@H]1CC[C@@H]1[C@@H]2CC[C@@]2(C)[C@H]1CC[C@]2(C)O,0.73,-4.7528675014769615,0.3030359745025635,0.9431458190083504,0.551019698381424,0.8443279713392258,0.9473322691026266,0.9946746826171876,0.6108468398451805,0.2969943583011627,0.1410461068153381,0.393657773733139,0.984509289264679,0.9118295907974244,0.7708548903465271,0.3228035569190979,0.1269043236970901,0.765544593334198,0.7390128970146179,0.9965479969978333,0.9984782338142396,0.2291046231985092,0.9991982579231262,0.9964631199836732,0.9146702475845814,0.428808992728591,0.563390851020813,-4.242496342968466,3.740434067002239,3.728233725742081,302.22,37.3,0,True,0.5394644745522075,0.6038913130760193,0.9266510605812072,0.17448152601718905,0.2569753862917423,0.171936497092247,0.9894455075263976,0.1436288841068745,8.63132429979804,1.0020850822943288,53.52877950524642
Methylclostebol,C[C@]12CCC(=O)C(Cl)=C1CC[C@@H]1[C@@H]2CC[C@@]2(C)[C@H]1CC[C@]2(C)O,0.687,-4.510918609341962,0.2595365047454834,0.7066448330879211,0.4711403846740722,0.8933722004294395,0.9648114503754871,0.9992144107818604,0.4781544208526611,0.2848505675792694,0.6339161843061447,0.6788725256919861,0.9675880074501038,0.9877423048019408,0.8630450367927551,0.3567093908786773,0.5279116630554199,0.5919662714004517,0.8040592074394226,0.9990345239639282,0.9982408285140992,0.3207863271236419,0.9995799660682678,0.997042953968048,0.1722154789604246,0.1780495513230562,0.6987268328666687,-4.320016057609935,3.336842637025633,3.3977819806866183,336.19,37.3,0,True,0.6558025230964025,0.7533993721008301,0.4879884794354439,0.8401221632957458,0.5452551245689392,0.19719745963811872,0.9999881982803344,0.2065541036427021,7.114265713692391,8.335026526798096,29.816761880803785
Methyldienolone,C[C@]1(O)CC[C@H]2[C@@H]3CCC4=CC(=O)CCC4=C3CC[C@@]21C,0.732,-4.524791261166904,0.3983438014984131,0.1983002424240112,0.2000150084495544,0.2120860815048217,0.9744818587840568,0.9415227174758912,0.9319160133600236,0.445862889289856,0.2425847798585891,0.3653358519077301,0.9515933990478516,0.7705403566360474,0.8120930790901184,0.6964022517204285,0.2628780901432037,0.5702733397483826,0.8139585256576538,0.9996910095214844,0.9996588230133056,0.2435510456562042,0.9997740387916564,0.995759665966034,0.5082213785499334,0.9762689471244812,0.5671613812446594,-3.450077414960952,2.9612473252750453,3.0310650170989653,286.19,37.3,0,True,0.6274483700593313,0.30552801489830017,0.4775585532188415,0.336300253868103,0.4284647405147553,0.5831985920667648,0.9998828172683716,0.1278203260153532,1.269533994557737,1.0176559704840336,28.71261761177635
Methylnortestosterone,C[C@]1(O)CC[C@H]2[C@@H]3CCC4=CC(=O)CC[C@@H]4[C@H]3CC[C@@]21C,0.734,-4.516400424501629,0.3371179103851318,0.7102406024932861,0.7408148348331451,0.8714422732591629,0.9641273713710332,0.977319061756134,0.8493906259536743,0.3968433439731598,0.2038644403219223,0.313968688249588,0.9790770411491394,0.7842140197753906,0.8493788242340088,0.4149767458438874,0.2971690595149994,0.4087055921554565,0.6825659871101379,0.999619483947754,0.9998626708984376,0.3233466148376465,0.9998631477355956,0.9972558617591858,0.594031997025013,0.1737590879201889,0.6119340658187866,-3.610227122139234,3.4141764974685462,3.294825093521521,288.21,37.3,0,True,0.5554552227258682,0.5062698125839233,0.10585927218198776,0.9999035596847534,0.9999250173568726,0.23289505392313004,0.9999997615814208,0.2832952653989196,1.325926503074971,1.1364101059988967,41.4398508008437
Methyltestosterone,C[C@]12CCC(=O)C=C1CC[C@@H]1[C@@H]2CC[C@@]2(C)[C@H]1CC[C@]2(C)O,0.725,-4.493310263595096,0.1718044281005859,0.9548490345478058,0.3585779070854187,0.7429407835006714,0.9636127490629238,0.9947901964187622,0.6738507747650146,0.3149726390838623,0.1347915083169937,0.3277909755706787,0.9572668671607972,0.6913396120071411,0.7831128835678101,0.4210540652275085,0.3589424788951874,0.6506247520446777,0.8327603936195374,0.9999338388442992,0.99992573261261,0.2957903742790222,0.9998600482940674,0.9959664344787598,0.2304320456460118,0.1781794358976185,0.3932195603847504,-3.7651645994371497,2.71828685363886,2.952521308404521,302.22,37.3,0,True,0.5711327443520228,0.6170693039894104,0.185144767165184,0.45519575476646423,0.38665395230054855,0.19186247885227203,0.9999980926513672,0.21708257554564625,4.686822418760906,9.805438557427056,31.98462209787143
Metribolone (Methyltrienolone),C[C@]1(O)CC[C@H]2[C@@H]3CCC4=CC(=O)CCC4=C3C=C[C@@]21C,0.736,-4.6109829282926205,0.5825817584991455,0.1651017069816589,0.2195180654525756,0.3256623744964599,0.9684332265549016,0.9733903408050536,0.97504660487175,0.40766441822052,0.2725673019886017,0.4030285477638244,0.9737257957458496,0.8664185404777527,0.7477733492851257,0.6271988153457642,0.1129653230309486,0.6102205514907837,0.8935706615447998,0.9991905093193054,0.9982993006706238,0.4495910704135895,0.9992573857307434,0.9846709966659546,0.1354524213820696,0.7858076691627502,0.3786341547966003,-3.730933240158775,3.0808539863228974,3.096505451042623,284.18,37.3,0,True,0.6240107723408275,0.5120601654052734,0.21979986131191256,0.7938076853752136,0.5951817035675049,0.4002432525157929,0.9972444772720336,0.22587044537067413,1.5265767695450174,5.521941716407768,42.28338433617907
Mibolerone,C[C@@H]1CC2=CC(=O)CC[C@@H]2[C@H]2CC[C@@]3(C)[C@@H](CC[C@]3(C)O)[C@@H]21,0.73,-4.53618805335773,0.2879977226257324,0.9894168376922609,0.5156365036964417,0.6741985380649567,0.921817949808228,0.9015074372291564,0.5378328263759613,0.2273743152618408,0.2595445513725281,0.3950484693050385,0.9535862803459167,0.7635721564292908,0.8116796016693115,0.2490553855895996,0.4638583958148956,0.6332612037658691,0.7139337062835693,0.99798321723938,0.9982923865318298,0.5703521966934204,0.9985337257385254,0.9611902236938475,0.3409923985600471,0.1973585411906242,0.6225811243057251,-3.432942684678409,3.3768673227973096,3.396959236565374,302.22,37.3,0,True,0.5575333800580766,0.4261976182460785,0.5439488887786865,0.9958356618881226,0.9920480847358704,0.36031578201800585,0.9999983310699464,0.3685654839500785,1.0409285028053723,1.0939544865274906,82.66074125290218
Nandrolone (19-Nortestosterone),C[C@]12CC[C@H]3[C@@H](CCC4=CC(=O)CC[C@@H]43)[C@@H]1CC[C@@H]2O,0.734,-4.450162074882467,0.5800247192382812,0.9072141721844672,0.9458988979458808,0.9851801283657552,0.7529857912758894,0.8950554132461548,0.9900510311126708,0.4004578292369842,0.2094575613737106,0.4194629490375519,0.9417610168457032,0.8276470899581909,0.7390680909156799,0.2357269078493118,0.6005843877792358,0.3165254890918731,0.4853991568088531,0.9994527697563172,0.999901533126831,0.2798933982849121,0.9998897314071656,0.9988340735435486,0.2641111379489302,0.8649716037325561,0.677216112613678,-4.390481871257003,3.892913682538124,3.839948049141088,274.19,37.3,0,False,0.5486707323127322,0.8247774243354797,0.729406476020813,0.9290848970413208,0.8926153182983398,0.8377253413200378,0.660707950592041,0.2597353595774621,1.482746265522084,1.4028281385147174,16.803557675016794
Norboletone,CC[C@]1(O)CC[C@H]2[C@@H]3CCC4=CC(=O)CC[C@@H]4[C@H]3CC[C@@]21CC,0.804,-4.518737542988851,0.1392185688018798,0.2339426279067993,0.9585310555994512,0.9488784037530422,0.9416649724847204,0.9826701283454896,0.1792147010564804,0.530180811882019,0.2174828648567199,0.3369965255260467,0.9459574818611144,0.8647491335868835,0.860306978225708,0.4878051877021789,0.4147739708423614,0.3544609248638153,0.655128538608551,0.9988061189651488,0.999544322490692,0.3603540360927582,0.9997641444206238,0.9931733012199402,0.2101568318903446,0.310195074416697,0.7064861059188843,-3.466674283168671,3.311563341582749,3.230855267562136,316.24,37.3,0,True,0.4946807970603307,0.42712321877479553,0.5506492853164673,0.9992438554763794,0.999345362186432,0.8444774895906448,0.9999935626983644,0.4837456159293652,1.870997765342604,1.091185751336469,71.20778172104824
Norclostebol,C[C@]12CC[C@H]3[C@@H](CCC4=C(Cl)C(=O)CC[C@@H]43)[C@@H]1CC[C@@H]2O,0.733,-4.5356228487188,0.2655088901519775,0.6356631815433502,0.8616690635681152,0.9782122019678354,0.7954359686155722,0.9803993701934814,0.6860074400901794,0.4055841565132141,0.8610739558935165,0.7456463575363159,0.961589217185974,0.9940699934959412,0.821167528629303,0.2071399539709091,0.6786845922470093,0.2748722434043884,0.4359882771968841,0.9957757592201232,0.9987441301345824,0.2998454570770263,0.9998216032981871,0.9991937279701232,0.3568997839465737,0.1111648045480251,0.899970531463623,-4.9923826020249376,4.124440325424188,3.966003157009455,308.15,37.3,0,True,0.6302410629060533,0.7457912564277649,0.4036513566970825,0.9341304302215576,0.9520831108093262,0.8292089104652405,0.393235869705677,0.20551953930407765,1.4957892423412966,1.182086407229917,15.569693763505596
Norethandrolone,CC[C@]1(O)CC[C@H]2[C@@H]3CCC4=CC(=O)CC[C@@H]4[C@H]3CC[C@@]21C,0.785,-4.471660100285878,0.0008938908576965,2.6702880859375e-05,0.3263447880744934,0.0094944834709167,0.8984079085443304,0.999605119228363,0.3791700601577759,0.9016359448432922,0.959244430065155,0.0349055267870426,0.9950716495513916,0.2895659804344177,0.8572607636451721,0.9723639488220216,0.0017701985780149,0.000177152105607,0.0193666368722915,0.9921342134475708,0.9975960850715636,0.3558974862098694,0.9993886947631836,0.9977151155471802,0.0038533131591975,0.0048884362913668,0.3241130709648132,-3.895775548862998,3.630938949240514,3.422534739063593,302.22,37.3,0,True,0.4688144851760525,0.2295340895652771,0.04877052456140518,1.0,1.0,0.0014613500097766519,0.6116663813591003,0.3834599256515503,0.6334489526095244,18.99624809453701,10.278282559923381
Oxabolone,C[C@]12CC[C@H]3[C@@H](CCC4=C(O)C(=O)CC[C@@H]43)[C@@H]1CC[C@@H]2O,0.719,-4.6080304828098475,0.4374033212661743,0.9700321853160858,0.987483342178166,0.9976923586800694,0.7346292719217815,0.6697822213172913,0.4064042121171951,0.1350758224725723,0.3581345379352569,0.3293339908123016,0.9028081297874452,0.8671535849571228,0.7104827165603638,0.7196792960166931,0.5980526804924011,0.4944535493850708,0.2142880707979202,0.9982158541679382,0.9998406171798706,0.3678572475910187,0.9999216794967652,0.9991053938865662,0.1919668749906122,0.5698984023183584,0.8958252668380737,-4.184059033646462,3.249412099033808,3.393841481276222,290.19,57.53,0,False,0.5259596871005164,0.2550802230834961,0.6963273882865906,0.95473712682724,0.978385865688324,0.6168943047523499,0.6805944442749023,0.16874592751264572,1.882408627251448,7.300907022722841,23.19547949277832
Oxandrolone,C[C@]12COC(=O)C[C@@H]1CC[C@@H]1[C@@H]2CC[C@@]2(C)[C@H]1CC[C@]2(C)O,0.696,-4.515814508781394,0.1516997814178466,0.9093972370028496,0.2402068972587585,0.8128415793180466,0.9468722749367916,0.9885469675064088,0.4302990064024925,0.2932076156139374,0.4027060270309448,0.6484022736549377,0.9947062134742736,0.6043047904968262,0.872845470905304,0.3819608986377716,0.3500989377498626,0.9523165822029114,0.8329020738601685,0.954908549785614,0.980136513710022,0.1715829819440841,0.9939397573471068,0.9898181557655334,0.3044751938432455,0.4479155875742435,0.6348704695701599,-4.173280094676272,2.717281995387186,3.1073759294651024,306.22,46.53,0,True,0.6518041648798518,0.6674990057945251,0.7791900634765625,0.4695828855037689,0.11855509877204896,0.8652086555957794,0.9989112615585328,0.4389347042888403,8.999049748201887,7.536262712983349,59.13674556649639
Oxymesterone,C[C@]12CCC(=O)C(O)=C1CC[C@@H]1[C@@H]2CC[C@@]2(C)[C@H]1CC[C@]2(C)O,0.705,-4.517338120632608,0.4681092500686645,0.9921900434419512,0.9684735089540482,0.9946480952203274,0.9324189189348374,0.9474360346794128,0.248293150216341,0.8557035773992538,0.2823274433612823,0.2543103992938995,0.9299907088279724,0.7491141557693481,0.7647109031677246,0.1421152651309967,0.3770076036453247,0.7939715385437012,0.5988196134567261,0.9980815649032592,0.9987595081329346,0.5283384919166565,0.999678373336792,0.9981117248535156,0.3396919229999184,0.265598832629621,0.8049089312553406,-3.6685887517185103,2.258026140325536,2.466847686205026,318.22,57.53,0,True,0.487949625071552,0.1337662935256958,0.24020543694496155,0.8596808910369873,0.6867173314094543,0.5225421860814095,0.9999995231628418,0.1240844801068306,1.1665182423491114,5.817760034124646,74.56969546837358
Oxymetholone,C[C@]12C/C(=C/O)C(=O)C[C@@H]1CC[C@@H]1[C@@H]2CC[C@@]2(C)[C@H]1CC[C@]2(C)O,0.51,-4.541938727610047,0.5423545837402344,0.9644883461296558,0.6083053350448608,0.9481457769870758,0.9434969887630306,0.9947138428688048,0.3219522908329964,0.1126335263252258,0.7569218873977661,0.4003819227218628,0.984038770198822,0.8330280184745789,0.9097201824188232,0.1535234004259109,0.3305954337120056,0.950440526008606,0.7634764909744263,0.542143702507019,0.9917981624603271,0.2804827690124511,0.9920281767845154,0.982999861240387,0.1767740398645401,0.2977801952511072,0.9889633655548096,-4.354859324859946,3.626051619516936,3.685879823653041,332.24,57.53,0,True,0.6190056560768021,0.6569555997848511,0.10817565768957138,0.791678249835968,0.403016209602356,0.3153735399246216,0.9996509552001952,0.2140971992,1.0693410453363934,4.28156406966718,75.08596507831975
Prasterone (DHEA),C[C@]12CC[C@H](O)CC1=CC[C@@H]1[C@@H]2CC[C@]2(C)C(=O)CC[C@@H]12,0.687,-4.5255666563335915,0.3417730331420898,0.2590291500091553,0.5316241383552551,0.974381361156702,0.7346544342013401,0.9946223497390748,0.1466688513755798,0.4134320914745331,0.2508786916732788,0.5789713263511658,0.8718980550765991,0.7852706909179688,0.4957742989063263,0.4871011078357696,0.3721508979797363,0.3508427441120147,0.504484236240387,0.8536738157272339,0.8381783366203308,0.4913949370384216,0.9873729348182678,0.971480429172516,0.8291996270418167,0.1549222506582737,0.4140452444553375,-4.016300702109127,2.8342784625243613,3.056094838894955,288.21,37.3,0,False,0.4509744677278731,0.9088894724845886,0.3066319413483143,0.9992402791976928,0.999836564064026,0.5146469548344612,0.978184938430786,0.2545258402824402,9.47753025032224,1.2738748174543704,28.379159108120305
Prostanozol,C[C@]12Cc3cn[nH]c3C[C@@H]1CC[C@@H]1[C@@H]2CC[C@]2(C)[C@@H](OC3CCCCO3)CC[C@@H]12,0.737,-4.705205952386135,0.1332283020019531,0.7151555418968201,0.4325723648071289,0.9252446219325066,0.942307043874001,0.983379065990448,0.3635939955711365,0.6194378733634949,0.5616733431816101,0.3075985610485077,0.8845300674438477,0.9519755840301514,0.5473247170448303,0.2373005300760269,0.2044767141342163,0.4783511459827423,0.5280453562736511,0.4621361196041107,0.118508031591773,0.6626758724451065,0.9053791165351868,0.5371566414833069,0.1886890269815921,0.3691401507239789,0.6081619299948215,-6.286798465016849,4.807378414318122,4.25018938333344,398.29,47.14,0,True,0.4569882700840632,0.42537808418273926,0.2132665067911148,0.7275586724281311,0.26477140188217163,0.14141516387462616,0.9305797815322876,0.9480906128883362,5.514182692001967,1.34235993147108,74.91294314703374
Quinbolone,C[C@]12CC[C@H]3[C@@H](CCC4=CC(=O)C=C[C@@]43C)[C@@H]1CC[C@@H]2OC1=CCCC1,0.633,-4.852867569879847,0.1030206680297851,0.6242142915725708,0.615531712770462,0.7513400763273239,0.9795804522280505,0.9991518259048462,0.1598498672246933,0.5037925243377686,0.2649658024311065,0.3521296679973602,0.958730697631836,0.8708628416061401,0.6488121747970581,0.4542194902896881,0.141664370894432,0.4153191447257995,0.6479600667953491,0.9997804760932922,0.99940824508667,0.4898826777935028,0.9990931749343872,0.9903066158294678,0.2512883162125945,0.120488628745079,0.2703661620616913,-5.946911983014967,4.337897008882724,3.810042092159057,352.24,26.3,0,False,0.4492945869763692,0.9978766441345216,0.6520537659525871,0.39203011989593506,0.21443237364292145,0.9699916243553162,0.9991034865379332,0.2646489068865776,6.665062200510502,1.084099735503484,33.57112337284665
Stanozolol,C[C@]12Cc3cn[nH]c3C[C@@H]1CC[C@@H]1[C@@H]2CC[C@@]2(C)[C@H]1CC[C@]2(C)O,0.752,-4.6951421377070615,0.3715395927429199,0.9810635764151812,0.5511170923709869,0.9596654511988164,0.9582832547006293,0.983851969242096,0.1173450723290443,0.3354212045669555,0.3219150900840759,0.3204163610935211,0.975463569164276,0.959691882133484,0.7729707360267639,0.1850390285253524,0.2036629468202591,0.8360018134117126,0.87812739610672,0.8901892900466919,0.6192435622215271,0.6199129298329353,0.9965366125106812,0.98846834897995,0.2828374970704317,0.9599242359399796,0.5078728497028351,-4.9416894609189965,3.908728422184456,3.9212126955659294,328.25,48.91,0,True,0.5123268903957473,0.14928050339221954,0.26029229164123535,0.6201982498168945,0.4113170877099037,0.3595270961523056,0.9994606375694276,0.22217631340026855,2.4407513225303545,8.421445334223,47.20291293348451
Stenbolone,CC1=C[C@@]2(C)[C@@H](CC[C@@H]3[C@@H]2CC[C@]2(C)[C@@H](O)CC[C@@H]32)CC1=O,0.73,-4.8118431524191205,0.2071499824523925,0.9733111876994373,0.797399714589119,0.9774344004690648,0.896306657118555,0.9986752867698668,0.9285417199134828,0.2896047830581665,0.1979270577430725,0.4560840129852295,0.8961958289146423,0.854236364364624,0.544289767742157,0.1584836989641189,0.2716293632984161,0.563790500164032,0.6482107043266296,0.984941303730011,0.9824253916740416,0.2504731714725494,0.9931555390357972,0.9872704744338988,0.5890308879315853,0.739383976906538,0.7159993648529053,-3.85039855023754,3.288986331106458,3.412009421030018,302.22,37.3,0,False,0.5183502948946423,0.9883409142494202,0.803734302520752,0.47825369238853455,0.19853270053863523,0.8636260032653809,0.9464630484580994,0.18557582050561905,1.1865798909187733,1.4277719533699575,12.679293531067191
Testosterone,C[C@]12CC[C@H]3[C@@H](CCC4=CC(=O)CC[C@@]43C)[C@@H]1CC[C@@H]2O,0.734,-4.391340063207025,0.0001364946365356,0.4224560856819153,0.8697361797094345,0.9971098995301872,0.7781090193413422,0.9796311259269714,0.1036208197474479,0.4676026403903961,0.9620460867881776,0.063085913658142,0.9909600019454956,0.197057232260704,0.8304239511489868,0.9823351502418518,0.0985496714711189,0.0072527867741882,0.0162774380296468,0.9942268133163452,0.9976173043251038,0.3399513363838196,0.9990801811218262,0.9965685606002808,0.0043075364083051,0.0051809786818921,0.2743491530418396,-4.241793789225532,3.505406980229348,3.328187179108197,288.21,37.3,0,False,0.4505057577561173,0.9999325275421143,0.014017835259437561,0.924488365650177,0.9916663765907288,0.29319146275520325,0.5974436402320862,0.3264977037906647,0.634193133318495,23.883316188162127,7.725798464339201
Tetrahydrogestrinone (THG),CC[C@]1(O)CC[C@H]2[C@@H]3CCC4=CC(=O)CCC4=C3C=C[C@@]21CC,0.815,-4.514077395709125,0.1056373119354248,0.1629892587661743,0.5441626906394958,0.3664752244949341,0.951929872397876,0.974281907081604,0.241931140422821,0.5511897802352905,0.3343321084976196,0.4572823941707611,0.9365765452384948,0.9039854407310486,0.7788636088371277,0.7231765985488892,0.1544183641672134,0.5138524174690247,0.8206096887588501,0.9956100583076476,0.9952563643455504,0.5037612915039062,0.9976797699928284,0.94572114944458,0.6333363801240921,0.8723261952400208,0.7308313846588135,-3.540050629926581,3.216154274981526,3.137201648157032,312.21,37.3,0,True,0.5512269851234224,0.2694077789783478,0.8137378096580505,0.6616075336933136,0.8298010379076004,0.2616439461708069,0.9619482159614564,0.3415122330188751,1.7025695260225269,1.0133937057724307,47.10922798548829
Tibolone,C#C[C@]1(O)CC[C@H]2[C@@H]3[C@H](C)CC4=C(CCC(=O)C4)[C@H]3CC[C@@]21C,0.544,-4.678268996850148,9.775161743164062e-06,2.1457672119140625e-06,2.384185791015625e-07,0.1065864562988281,0.9537513245818845,0.9998021721839904,0.0721140578389167,0.9129845499992372,0.0184838529676198,0.0049499794840812,0.9979135394096376,0.9005588889122009,0.8106579184532166,0.994951605796814,5.651618721458362e-06,1.6486380900460065e-06,0.0002399646909907,0.9766737818717957,0.9869773983955384,0.6675660014152527,0.9973663687705994,0.9914205074310304,0.0420661941170692,0.0365993976593017,0.6277742981910706,-4.060876854821476,3.604209260657038,3.33663874456706,312.21,37.3,0,True,0.3221464687664542,1.987604946407373e-06,7.946666300995275e-06,0.00012480976874940097,0.9991808533668518,0.9746789932250977,0.6597297787666321,0.6112275719642639,1.851317615900704,3.0523884942865704,3.6097534124091277
Trenbolone,C[C@]12C=CC3=C4CCC(=O)C=C4CC[C@H]3[C@@H]1CC[C@@H]2O,0.733,-4.83981165839134,0.2201378345489502,0.4036778211593628,0.2326849102973938,0.6854324638843536,0.8983363728759332,0.8872181177139282,0.9202178567647934,0.4065947830677033,0.3485182225704193,0.4616516828536987,0.9358003735542296,0.856521487236023,0.6651489734649658,0.5464187860488892,0.1799657791852951,0.5194403529167175,0.8934282660484314,0.9989207983016968,0.9990643858909608,0.3969266414642334,0.9995017051696776,0.9949839115142822,0.6790909916162491,0.4841401800513267,0.4242433607578277,-4.666874748310528,3.397390347479277,3.4013534895392468,270.16,37.3,0,False,0.60784336593416,0.4657774567604065,0.4236200451850891,0.10561615973711014,0.1187923029065132,0.7826690673828125,0.10352639853954317,0.35274699330329895,1.4865665825204255,9.563615645560096,10.302262222884286
Trestolone (MENT),C[C@@H]1CC2=CC(=O)CC[C@@H]2[C@H]2CC[C@]3(C)[C@@H](O)CC[C@H]3[C@@H]21,0.737,-4.579516482372734,0.3073036670684814,0.5741888284683228,0.6944847404956818,0.8259787857532501,0.8658224538556307,0.8666760921478271,0.792437344789505,0.316689670085907,0.2537707388401031,0.3954595327377319,0.899376630783081,0.7052891254425049,0.6464638113975525,0.1639055609703064,0.376451313495636,0.2561393976211548,0.6076675057411194,0.998078465461731,0.9981703758239746,0.501163125038147,0.998210906982422,0.9464778900146484,0.3501763939857483,0.1847347617149353,0.5919781923294067,-3.4216049050518635,3.4032582693246622,3.466985469776943,288.21,37.3,0,False,0.4879635373751322,0.4914207458496094,0.6418494582176208,0.998713493347168,0.9990965127944946,0.17048391699790957,0.9998586177825928,0.5436308681964874,2.0495029783659273,1.74239336018406,14.857091668639407
