name,smiles,QED,hia,f20,f30,f50,PPB,BSEP,hERG,hERG-10um,DILI,Ames,Carcinogenicity,Respiratory,H-HT,Neurotoxicity-DI,Hematotoxicity,Nephrotoxicity-DI,Genotoxicity,NR-AR,NR-AR-LBD,NR-Aromatase,NR-ER,NR-ER-LBD,NR-PPAR-gamma,NR-AhR,SR-p53,logS,logP,logD,caco2,MW,TPSA,Lipinski,alkylated,composite_tox
1-Androstenediol,C[C@]12C=C[C@H](O)C[C@@H]1CC[C@@H]1[C@@H]2CC[C@]2(C)[C@@H](O)CC[C@@H]12,0.67,0.11782824993133544,0.8118376135826111,0.801976203918457,0.9086420685052872,0.6859723056719125,0.9438576102256776,0.1114509254693985,0.4537164270877838,0.1778024435043335,0.4057166874408722,0.9220219254493712,0.9328647255897522,0.5264122486114502,0.1777433604001999,0.19895312190055847,0.4271124303340912,0.529545783996582,0.9867069125175476,0.9890503883361816,0.19165630638599396,0.9954710006713868,0.991868257522583,0.8912057615816593,0.6775470450520515,0.508364737033844,-4.366122797174333,3.905766205430363,3.9399898128643103,-4.843032539505989,290.22,40.46,0,False,0.3863065474563175
1-Androstenedione,C[C@]12C=CC(=O)C[C@@H]1CC[C@@H]1[C@@H]2CC[C@]2(C)C(=O)CC[C@@H]12,0.676,0.5552172660827637,0.15354490280151367,0.5901660919189453,0.7793362587690353,0.8628094978738575,0.9997454285621644,0.1124073714017868,0.47883549332618713,0.3479958176612854,0.4587349593639374,0.9412492513656616,0.8735928535461426,0.6625953316688538,0.6398376226425171,0.2267418801784515,0.4466629028320313,0.8130996227264404,0.992830216884613,0.9984453320503236,0.2866970896720886,0.9987844824790956,0.9886547327041626,0.8710169233381748,0.8009114302694798,0.2635710537433624,-3.8924636778418904,3.016517808323863,3.225100055545539,-4.681632507251491,286.19,34.14,0,False,0.5165916399823295
1-Androsterone,C[C@]12C=C[C@@H](O)C[C@@H]1CC[C@@H]1[C@@H]2CC[C@]2(C)C(=O)CC[C@@H]12,0.69,0.12398958206176758,0.2618193030357361,0.7732689082622528,0.8448894917964935,0.6150572073324494,0.9991629123687744,0.7699082046747208,0.4197165668010712,0.4524555802345276,0.3287919759750366,0.8575067520141602,0.928354263305664,0.6642510890960693,0.3993450999259949,0.2847216725349426,0.5657944679260254,0.626237154006958,0.9889666438102722,0.9880671501159668,0.1935785710811615,0.9945539236068726,0.9782673120498656,0.8244335651397705,0.10603799484670162,0.12717849016189575,-3.905563985086406,3.3692342039644028,3.4444816458806073,-4.598847697511415,288.21,37.3,0,False,0.5498902218209373
1-Epiandrosterone,C[C@]12C=C[C@@H](O)C[C@@H]1CC[C@@H]1[C@@H]2CC[C@]2(C)C(=O)CC[C@@H]12,0.69,0.12398958206176758,0.2618193030357361,0.7732689082622528,0.8448894917964935,0.6150572073324494,0.9991629123687744,0.7699082046747208,0.4197165668010712,0.4524555802345276,0.3287919759750366,0.8575067520141602,0.928354263305664,0.6642510890960693,0.3993450999259949,0.2847216725349426,0.5657944679260254,0.626237154006958,0.9889666438102722,0.9880671501159668,0.1935785710811615,0.9945539236068726,0.9782673120498656,0.8244335651397705,0.10603799484670162,0.12717849016189575,-3.905563985086406,3.3692342039644028,3.4444816458806073,-4.598847697511415,288.21,37.3,0,False,0.5498902218209373
1-Testosterone,C[C@]12C=CC(=O)C[C@@H]1CC[C@@H]1[C@@H]2CC[C@]2(C)[C@@H](O)CC[C@@H]12,0.737,0.3308534622192383,0.8761217817664146,0.8277196735143661,0.9194341376423836,0.8701122224280824,0.9835928678512572,0.92154361307621,0.40578967332839966,0.15277442336082458,0.3744795620441437,0.9591686725616456,0.8720667362213135,0.5856945514678955,0.21122805774211884,0.1013406068086624,0.3967994153499603,0.6208938360214233,0.9949533343315125,0.9974910020828248,0.19477413594722748,0.9981104135513306,0.9914492964744568,0.5782102234661579,0.4905145149677992,0.4881400167942047,-4.158136172962776,3.6443851178593754,3.646693524136759,-4.7494937895207,288.21,37.3,0,False,0.480435859825876
4-Androstenediol,C[C@]12CC[C@H]3[C@@H](CCC4=C[C@@H](O)CC[C@@]43C)[C@@H]1CC[C@@H]2O,0.668,0.1335620880126953,0.980774886906147,0.9699524343013765,0.9984549345681444,0.7312108752878379,0.9596006274223328,0.15308240056037903,0.5028061866760254,0.15160487592220306,0.4159020483493805,0.9579251408576964,0.9724136590957642,0.7764715552330017,0.11555366218090056,0.3172414004802704,0.4872671365737915,0.14958298206329346,0.9954635500907898,0.9986860156059264,0.23179671168327332,0.9990743398666382,0.9990456700325012,0.6331798154860735,0.22566800471395257,0.7190682291984558,-4.688721751623814,4.368444787179131,4.092963207999265,-4.538368799331443,290.22,40.46,0,False,0.39162568913565743
4-Hydroxytestosterone,C[C@]12CC[C@H]3[C@@H](CCC4=C(O)C(=O)CC[C@@]43C)[C@@H]1CC[C@@H]2O,0.716,0.24890780448913577,0.9709309469908476,0.9644778445363044,0.99849907157477,0.7619952472569334,0.7421067357063293,0.6079478189349174,0.2162553071975708,0.30713653564453125,0.2531159520149231,0.9451509714126588,0.8729931116104126,0.7467855215072632,0.15316897630691528,0.4391788542270661,0.539254367351532,0.30329370498657227,0.9977533221244812,0.9992648959159852,0.32454708218574524,0.999603807926178,0.99858558177948,0.20192041993141177,0.1283699064515531,0.8845033049583435,-4.305473783315736,3.1808286924666183,3.2589176291700075,-4.512125010579856,304.2,57.53,0,False,0.4772258558207088
5-Androstenedione,C[C@]12CCC(=O)CC1=CC[C@@H]1[C@@H]2CC[C@]2(C)C(=O)CC[C@@H]12,0.629,0.6021261215209961,0.2027273178100586,0.22415590286254883,0.6372731029987335,0.9087316655543076,0.9998512268066406,0.13054151833057404,0.48124006390571594,0.3264882266521454,0.39926567673683167,0.8786972165107727,0.6876224279403687,0.5691105127334595,0.6571015119552612,0.5234524607658386,0.2770759165287018,0.8569247722625732,0.9770436882972716,0.9750922918319702,0.4626862406730652,0.9927237629890442,0.9601836800575256,0.5487916618585587,0.4946832358837128,0.20548854768276217,-3.4781335555773674,2.6784509408684496,2.7923695273706475,-4.422627654696148,286.19,34.14,0,False,0.5131842013862398
7α-Hydroxy-DHEA,C[C@]12CC[C@H](O)CC1=C[C@@H](O)[C@@H]1[C@@H]2CC[C@]2(C)C(=O)CC[C@@H]12,0.677,0.29522180557250977,0.4112743735313415,0.7864924073219299,0.985592808574438,0.6623460404496142,0.99755597114563,0.12953133881092072,0.37484923005104065,0.4062161147594452,0.6445625424385071,0.6940276026725769,0.6870829463005066,0.5721956491470337,0.3874972462654114,0.3856334686279297,0.5821311473846436,0.7978411316871643,0.8662460446357727,0.7829151153564453,0.7770392298698425,0.9595699906349182,0.8258215188980103,0.128333181142807,0.18959881737828255,0.44686487317085266,-3.5986751126364704,1.709566898802148,2.1216518159897846,-4.7365174886569905,304.2,57.53,0,False,0.5110706935326258
7β-Hydroxy-DHEA,C[C@]12CC[C@H](O)CC1=C[C@@H](O)[C@@H]1[C@@H]2CC[C@]2(C)C(=O)CC[C@@H]12,0.677,0.29522180557250977,0.4112743735313415,0.7864924073219299,0.985592808574438,0.6623460404496142,0.99755597114563,0.12953133881092072,0.37484923005104065,0.4062161147594452,0.6445625424385071,0.6940276026725769,0.6870829463005066,0.5721956491470337,0.3874972462654114,0.3856334686279297,0.5821311473846436,0.7978411316871643,0.8662460446357727,0.7829151153564453,0.7770392298698425,0.9595699906349182,0.8258215188980103,0.128333181142807,0.18959881737828255,0.44686487317085266,-3.5986751126364704,1.709566898802148,2.1216518159897846,-4.7365174886569905,304.2,57.53,0,False,0.5110706935326258
7-Keto-DHEA,C[C@]12CC[C@H](O)CC1=CC(=O)[C@@H]1[C@@H]2CC[C@]2(C)C(=O)CC[C@@H]12,0.748,0.7104873657226562,0.2952613830566406,0.31173890829086304,0.9074626043438913,0.6790225993176028,0.9995577931404114,0.10497859120368958,0.3489733636379242,0.4700980484485626,0.650582492351532,0.8868792057037354,0.6826611757278442,0.6650947332382202,0.750137448310852,0.5560494065284729,0.529718279838562,0.8719038367271423,0.860477089881897,0.7858452200889587,0.5412890315055847,0.905993103981018,0.7018877863883972,0.17825953662395477,0.3358561173081398,0.492272436618805,-3.906747673774035,1.7894918244497615,2.1426430086056465,-4.532489777969318,302.19,54.37,0,False,0.6094935602611966
11β-Methyl-19-nortestosterone,C[C@H]1C[C@]2(C)[C@@H](O)CC[C@H]2[C@@H]2CCC3=CC(=O)CC[C@@H]3[C@H]21,0.737,0.11660456657409668,0.4161914587020874,0.8990466818213463,0.9753547925502062,0.8658067984317367,0.991287648677826,0.4822993278503418,0.2377823442220688,0.2285175770521164,0.34340786933898926,0.9066332578659058,0.534130871295929,0.6758515238761902,0.9276417642831802,0.40437063574790955,0.2583405375480652,0.3912111520767212,0.9993017911911012,0.9992092847824096,0.5524044036865234,0.9967768788337708,0.9060001373291016,0.12191702611744404,0.7193174678832293,0.40999847650527954,-3.5810165060001276,3.5600038049071143,3.468790755892295,-4.529612323539309,288.21,37.3,0,False,0.5131415161821578
17α-Methylepithiostanol (Epistane),C[C@]12C[C@H]3S[C@H]3C[C@@H]1CC[C@@H]1[C@@H]2CC[C@@]2(C)[C@H]1CC[C@]2(C)O,0.642,0.981450080871582,0.8647446632385254,0.4887151718139648,0.935467891395092,0.9539935027123128,0.993770182132721,0.10836750268936156,0.5013171434402466,0.5744045972824097,0.3859192430973053,0.9221408367156982,0.8372128009796143,0.7287108898162842,0.25174446403980255,0.4162715673446655,0.8296114802360535,0.38187775015830994,0.9838213920593262,0.9698549509048462,0.32190021872520447,0.9957017302513124,0.9835401177406312,0.6495924293994904,0.11593509465456008,0.8599647879600525,-5.585572189211188,4.7991121899708356,4.303413914668813,-4.559619215673583,320.22,20.23,0,True,0.5110053701533211
19-Norandrostenediol,C[C@]12CC[C@H]3[C@@H](CC=C4C[C@@H](O)CC[C@@H]43)[C@@H]1CC[C@@H]2O,0.667,0.121384859085083,0.9666392728686332,0.8964774385094643,0.993590311612934,0.6662708999970107,0.8788625001907349,0.47945696860551834,0.2568627595901489,0.10193883627653122,0.28020453453063965,0.8811192512512207,0.6720585823059082,0.6404198408126831,0.4892165586352348,0.2339247763156891,0.3928583562374115,0.24446362629532817,0.9746461510658264,0.9810106158256532,0.21930719912052157,0.9955381751060486,0.9944544434547424,0.3396535664796829,0.5875272676348686,0.657906174659729,-4.690202408144735,4.279641682553317,4.119563709406373,-4.859917575760903,276.21,40.46,0,False,0.41595586099558407
19-Norandrostenedione,C[C@]12CC[C@H]3[C@@H](CCC4=CC(=O)CC[C@@H]43)[C@@H]1CCC2=O,0.674,0.10927915573120116,0.1725481152534485,0.63041952252388,0.4703325629234314,0.9394455839698465,0.9990056157112122,0.8136048167943954,0.29329246282577515,0.4478358328342438,0.4662555158138275,0.89122074842453,0.6421381831169128,0.7126657366752625,0.4664953052997589,0.6938089728355408,0.3420121967792511,0.741579532623291,0.9995113611221312,0.9999148845672609,0.4565709829330444,0.9999371767044068,0.9978646636009216,0.2654369454830885,0.13233110075816512,0.4321801364421845,-3.7803955724609337,3.0859524969604575,3.199358873044168,-4.428039021382226,272.18,34.14,0,False,0.6194976286755668
"Androst-4-ene-3,11,17-trione (Adrenosterone)",C[C@]12CCC(=O)C=C1CC[C@@H]1[C@@H]2C(=O)C[C@]2(C)C(=O)CC[C@@H]12,0.69,0.3622770309448242,0.637962818145752,0.15246039628982544,0.555916965007782,0.8855197549570009,0.9997047781944276,0.6652294099330902,0.3435426950454712,0.489695817232132,0.5018842816352844,0.8564066886901855,0.4787636697292328,0.7158083319664001,0.8740648031234741,0.7531261444091797,0.5810317397117615,0.9906127452850342,0.9978615641593932,0.9777665138244628,0.39327049255371094,0.9652693867683412,0.318582683801651,0.12155240401625632,0.1191368605941534,0.13201533257961273,-3.834343988165529,1.6914761437385517,1.9953802004796124,-4.360063866662265,300.17,51.21,0,False,0.7142066624429491
Androstanolone (DHT),C[C@]12CCC(=O)C[C@@H]1CC[C@@H]1[C@@H]2CC[C@]2(C)[C@@H](O)CC[C@@H]12,0.733,0.1955270767211914,0.9807799570262432,0.8959375694394112,0.9637102596461772,0.8526132189672883,0.9823195338249208,0.1101616621017456,0.4294073283672333,0.16832390427589417,0.37087833881378174,0.9275422692298888,0.7000395655632019,0.6028426289558411,0.22165003418922424,0.2159193456172943,0.3918328583240509,0.5665561556816101,0.9915327429771424,0.9955639839172364,0.1443639099597931,0.997905731201172,0.996871292591095,0.13025043532252312,0.58919508010149,0.5831937193870544,-4.1031452328575035,3.772521323555644,3.7363575509671274,-4.545920336750162,290.22,37.3,0,False,0.39730079968770343
Androstenediol,C[C@]12CC[C@H]3[C@@H](CC=C4C[C@@H](O)CC[C@@]43C)[C@@H]1CC[C@@H]2O,0.668,0.2232193946838379,0.8968978002667427,0.6303489506244659,0.9961775247938932,0.7570321835141243,0.9531615376472472,0.8441580832004547,0.42280063033103943,0.11088918149471284,0.23961278796195984,0.9575764536857604,0.8032394051551819,0.6540142297744751,0.12983925640583038,0.1512141227722168,0.39737144112586975,0.656857043504715,0.94164776802063,0.9574080109596252,0.1824339330196381,0.9946942925453186,0.9966520667076112,0.4614664986729622,0.4774560686200857,0.6068804860115051,-4.621999144319097,4.272734361478608,4.04547767511623,-4.81623983010691,290.22,40.46,0,False,0.4601702888806661
Androstenedione,C[C@]12CCC(=O)C=C1CC[C@@H]1[C@@H]2CC[C@]2(C)C(=O)CC[C@@H]12,0.672,0.5146265029907227,0.17154157161712646,0.2875838279724121,0.5861324071884155,0.9324616728361071,0.9999256134033204,0.1209469586610794,0.49690893292427063,0.31966981291770935,0.3811768889427185,0.8633577823638916,0.6237602829933167,0.6794752478599548,0.7586085200309753,0.5205958485603333,0.3457675576210022,0.904261589050293,0.9999054670333862,0.9999210834503174,0.3624744415283203,0.999810755252838,0.9898422360420228,0.20889739971607924,0.29056475032120943,0.16396713256835938,-4.022400567797542,2.475536688461526,2.69255637490348,-4.401599978719139,286.19,34.14,0,False,0.5437622451119952
Bolasterone,C[C@@H]1CC2=CC(=O)CC[C@]2(C)[C@H]2CC[C@@]3(C)[C@@H](CC[C@]3(C)O)[C@H]12,0.713,0.5098581314086914,0.31713390350341797,0.14582949876785278,0.6648532450199127,0.9390089236826328,0.9922212958335876,0.7307925820350647,0.2950080931186676,0.16905921697616577,0.3790939450263977,0.945418655872345,0.7503511905670166,0.8018911480903625,0.36450618505477905,0.371888130903244,0.6799624562263489,0.713884711265564,0.999126136302948,0.9979300498962402,0.5452616810798645,0.9969769716262816,0.9223704934120178,0.3620313107967377,0.21077018231153488,0.6133582592010498,-3.5010310564593894,3.20098062025264,3.2002050702746443,-4.505431943631654,316.24,37.3,0,True,0.5729441146055857
Boldenone,C[C@]12CC[C@H]3[C@@H](CCC4=CC(=O)C=C[C@@]43C)[C@@H]1CC[C@@H]2O,0.738,0.22410154342651367,0.9348505139350892,0.7539568245410919,0.99061365891248,0.8130763870726292,0.9926785230636596,0.18166986107826233,0.5698786377906799,0.9264467656612396,0.32714125514030457,0.9762994647026062,0.9654560089111328,0.7556105256080627,0.3505778908729553,0.17297649383544922,0.2974594235420227,0.8596619367599487,0.99982750415802,0.9996991157531738,0.42577946186065674,0.9993545413017272,0.9965582489967346,0.1333707827143371,0.778960483148694,0.4143024682998657,-4.352499528529727,3.2941980836834,3.322107922042197,-4.8724366929785194,286.19,37.3,0,False,0.5386492908000946
Boldione,C[C@]12C=CC(=O)C=C1CC[C@@H]1[C@@H]2CC[C@]2(C)C(=O)CC[C@@H]12,0.677,0.6039142608642578,0.7407760620117188,0.3331202268600464,0.6789551973342896,0.8944251952403084,0.999941349029541,0.15183182060718536,0.5079373121261597,0.22057081758975983,0.3681994378566742,0.9244373440742492,0.9109897017478944,0.6799533367156982,0.6798276901245117,0.2100478708744049,0.256414532661438,0.9636735916137696,0.9998169541358948,0.9994396567344666,0.6151708960533142,0.9994230270385742,0.9882004261016846,0.113311770837754,0.24480663239955905,0.8398067951202393,-3.958838602736151,2.3115518121220577,2.5741776355925694,-4.9320442436309175,284.18,34.14,0,False,0.494995160235299
Calusterone,C[C@@H]1CC2=CC(=O)CC[C@]2(C)[C@H]2CC[C@@]3(C)[C@@H](CC[C@]3(C)O)[C@H]12,0.713,0.5098581314086914,0.31713390350341797,0.14582949876785278,0.6648532450199127,0.9390089236826328,0.9922212958335876,0.7307925820350647,0.2950080931186676,0.16905921697616577,0.3790939450263977,0.945418655872345,0.7503511905670166,0.8018911480903625,0.36450618505477905,0.371888130903244,0.6799624562263489,0.713884711265564,0.999126136302948,0.9979300498962402,0.5452616810798645,0.9969769716262816,0.9223704934120178,0.3620313107967377,0.21077018231153488,0.6133582592010498,-3.5010310564593894,3.20098062025264,3.2002050702746443,-4.505431943631654,316.24,37.3,0,True,0.5729441146055857
Clostebol,C[C@]12CC[C@H]3[C@@H](CCC4=C(Cl)C(=O)CC[C@@]43C)[C@@H]1CC[C@@H]2O,0.715,0.1576542854309082,0.6842082142829895,0.6746542751789093,0.984045946970582,0.8189578636542382,0.9878837466239928,0.9296289831399918,0.501068115234375,0.7557706534862518,0.6795687675476074,0.9670284390449524,0.9939383268356324,0.8221547603607178,0.3179204761981964,0.5930637717247009,0.3116276264190674,0.5093989968299866,0.997112512588501,0.9976365566253662,0.2292214334011078,0.9994643330574036,0.998263418674469,0.1671902253292501,0.975980656221509,0.8479573726654053,-5.26484222377942,4.222165932972624,3.94848345817832,-4.474155285129689,322.17,37.3,0,False,0.6540180527501636
Danazol,C#C[C@]1(O)CC[C@H]2[C@@H]3CCC4=Cc5oncc5C[C@]4(C)[C@H]3CC[C@@]21C,0.721,0.14305114746,0.15053749084472656,0.25884509086608887,0.8978881686925888,0.9741849530065412,0.9999560117721558,0.12545931339263916,0.5901474356651306,0.9186896085739136,0.1540609747171402,0.8772475123405457,0.9998342990875244,0.8842071890830994,0.574093222618103,0.32221805304288864,0.8234869837760925,0.8884937763214111,0.995924472808838,0.998017430305481,0.6932553648948669,0.9985539317131042,0.9958552718162536,0.13377397553995252,0.26326205115765333,0.1533970832824707,-5.2593070152388135,3.6251292879681896,3.633890539678438,-4.680993928410015,337.2,46.26,0,True,0.6186618482073148
Dehydrochlormethyltestosterone (Oral Turinabol),C[C@]12C=CC(=O)C(Cl)=C1CC[C@@H]1[C@@H]2CC[C@@]2(C)[C@H]1CC[C@]2(C)O,0.702,0.2155423164367676,0.5608548820018768,0.23637628555297852,0.7970617264509201,0.9679519549432444,0.9988611936569214,0.4991415143013001,0.27260828018188477,0.6894521415233612,0.6285092234611511,0.9750468730926514,0.9945717453956604,0.8528284430503845,0.2828579246997833,0.26550060510635376,0.5596423149108887,0.8571831583976746,0.9988682270050048,0.995937705039978,0.7214833498001099,0.999283254146576,0.9983822107315063,0.10655958903953432,0.1584867760539055,0.774857759475708,-4.295849123806727,3.2946157453150375,3.3584151450176085,-4.919138391240798,334.17,37.3,0,True,0.6233513553937277
Desoxymethyltestosterone,C[C@]12CC=CC[C@@H]1CC[C@@H]1[C@@H]2CC[C@@]2(C)[C@H]1CC[C@]2(C)O,0.626,0.3187239170074463,0.9834418930113316,0.6515733599662781,0.8556602746248245,0.9590184791789061,0.9960761666297911,0.3769830986857414,0.16479134559631348,0.7212988287210464,0.1838790327310562,0.967514157295227,0.7650511860847473,0.6123213768005371,0.11972782015800476,0.5312499403953552,0.7332544922828674,0.9627800434827803,0.9789854288101196,0.9797722101211548,0.24971464276313785,0.9973306655883788,0.9943535327911376,0.33546291291713715,0.11619421653449535,0.4454174339771271,-5.31548308181612,4.85976964454334,4.254755575500388,-4.495863732039462,288.25,20.23,0,True,0.5787787545058463
Dimethandrolone,C[C@@H]1CC2=CC(=O)CC[C@@H]2[C@@H]2[C@@H]1[C@@H]1CC[C@H](O)[C@@]1(C)C[C@@H]2C,0.735,0.17938613891601562,0.5931085348129272,0.14716845750808716,0.49308931827545166,0.87567697933631,0.995520830154419,0.4979131370782852,0.2341194897890091,0.42980900406837463,0.6753103137016296,0.7609316110610962,0.7982453107833862,0.5266794562339783,0.5496756434440613,0.8298159837722778,0.6887375116348267,0.9169908165931702,0.9887093901634216,0.9488144516944884,0.32175347208976746,0.9802510142326356,0.48958155512809753,0.6696180254220963,0.28220927342772484,0.3520195186138153,-2.9825991347204126,2.5034153017794027,2.730563533532522,-4.722856913685057,302.22,37.3,0,False,0.6528737197319666
Drostanolone,C[C@@H]1C[C@@]2(C)[C@@H](CC[C@@H]3[C@@H]2CC[C@]2(C)[C@@H](O)CC[C@@H]32)CC1=O,0.728,0.14889240264892578,0.8557426035404205,0.34035176038742065,0.8899804949760437,0.8960414685001467,0.9992039799690248,0.6739696860313416,0.2696269154548645,0.1986162066459656,0.4644487798213959,0.863807201385498,0.7292999029159546,0.5154774785041809,0.21679328382015228,0.36478257179260254,0.6161924004554749,0.6957525610923767,0.9873837828636168,0.9909488558769226,0.2897551357746124,0.9939653277397156,0.9730563759803772,0.3142074868083,0.15377054922282696,0.556428074836731,-3.67828164063288,2.969931539174644,3.1772175542798973,-4.597864460099421,304.24,37.3,0,False,0.5122044632832209
Epiandrosterone,C[C@]12CC[C@H](O)C[C@@H]1CC[C@@H]1[C@@H]2CC[C@]2(C)C(=O)CC[C@@H]12,0.733,0.2637922763824463,0.30925190448760986,0.5607804656028748,0.8845012485980988,0.7977462402658988,0.996528685092926,0.1518833041191101,0.4647715985774994,0.17110270261764526,0.5703590512275696,0.8791468143463135,0.8054956197738647,0.5730565786361694,0.4096554517745972,0.3135118782520294,0.4223254323005676,0.41545701026916504,0.9692912697792052,0.9845544695854188,0.19296488165855408,0.9961090683937072,0.9920565485954284,0.27784233912825584,0.6746053230017424,0.31962165236473083,-4.27399571581746,3.787363450483233,3.7820728642807664,-4.751456183722719,290.22,37.3,0,False,0.434055358171463
Epi-dihydrotestosterone,C[C@]12CCC(=O)C[C@@H]1CC[C@@H]1[C@@H]2CC[C@]2(C)[C@@H](O)CC[C@@H]12,0.733,0.1955270767211914,0.9807799570262432,0.8959375694394112,0.9637102596461772,0.8526132189672883,0.9823195338249208,0.1101616621017456,0.4294073283672333,0.16832390427589417,0.37087833881378174,0.9275422692298888,0.7000395655632019,0.6028426289558411,0.22165003418922424,0.2159193456172943,0.3918328583240509,0.5665561556816101,0.9915327429771424,0.9955639839172364,0.1443639099597931,0.997905731201172,0.996871292591095,0.13025043532252312,0.58919508010149,0.5831937193870544,-4.1031452328575035,3.772521323555644,3.7363575509671274,-4.545920336750162,290.22,37.3,0,False,0.39730079968770343
Epitestosterone,C[C@]12CC[C@H]3[C@@H](CCC4=CC(=O)C=C[C@@]43C)[C@@H]1CC[C@@H]2O,0.738,0.22410154342651367,0.9348505139350892,0.7539568245410919,0.99061365891248,0.8130763870726292,0.9926785230636596,0.18166986107826233,0.5698786377906799,0.9264467656612396,0.32714125514030457,0.9762994647026062,0.9654560089111328,0.7556105256080627,0.3505778908729553,0.1729765087366104,0.2974594533443451,0.8596619367599487,0.99982750415802,0.9996991157531738,0.42577946186065674,0.9993545413017272,0.9965582489967346,0.1333707827143371,0.778960483148694,0.4143024682998657,-4.352499528529727,3.294198192990291,3.322107922042197,-4.8724366929785194,286.19,37.3,0,False,0.5386492957671484
Ethylestrenol,CC[C@]1(O)CC[C@H]2[C@@H]3CCC4=CCCC[C@@H]4[C@H]3CC[C@@]21C,0.666,0.993192195892334,0.1590781211853027,0.6128570735454559,0.9153300449252127,0.9230116344198084,0.9820468425750732,0.1058301329612732,0.4645180106163025,0.184051513671875,0.18950773775577545,0.9372687935829164,0.8010745644569397,0.768231987953186,0.20339037477970123,0.2095790803432465,0.21741458773612976,0.4326707869768143,0.9803022146224976,0.972314476966858,0.30401483178138733,0.9939175248146056,0.9817273616790771,0.5194872245192528,0.1559422817081213,0.7055266499519348,-4.750760188047504,5.053678320790258,3.950988039090767,-4.495039677380634,288.25,20.23,0,True,0.36088277730676865
Fluoxymesterone,C[C@]1(O)CC[C@H]2[C@@H]3CCC4=CC(=O)CC[C@]4(C)[C@@]3(F)[C@@H](O)C[C@@]21C,0.713,0.5749344825744629,0.5742488503456116,0.4608955979347229,0.8972456008195877,0.9827693990555472,0.942164957523346,0.5388383567333221,0.24044451117515564,0.10337737202644348,0.30889251828193665,0.7804749011993408,0.8553696274757385,0.7362720370292664,0.21907642483711243,0.17513670027256012,0.7422149181365967,0.8859272003173828,0.9998464584350586,0.9996378421783448,0.5896318554878235,0.9961451292037964,0.8896304965019226,0.6981350015848875,0.14418048784136772,0.23129558563232425,-4.12385573295315,1.916948920093776,2.2848157143431176,-4.654294187898213,336.21,57.53,0,True,0.4989122698704402
Formebolone,C[C@]12C=C(C=O)C(=O)C=C1CC[C@@H]1[C@@H]2[C@H](O)C[C@@]2(C)[C@H]1CC[C@]2(C)O,0.566,0.18968158960342407,0.8697717636823654,0.6375620067119598,0.8986067697405815,0.9407509710259586,0.8816044926643372,0.4396960511803627,0.18582549691200256,0.18204884231090543,0.753654420375824,0.957861065864563,0.9376915097236632,0.6657893657684326,0.5568198561668396,0.25718528032302856,0.8456025123596191,0.9979720711708068,0.9978376030921936,0.9956193566322328,0.5773195251822472,0.9923027753829956,0.5944753885269165,0.7853882270865142,0.8906415896490216,0.46903470158576965,-3.3926953086839156,1.5804123627798534,1.84752572922899,-5.140211653875564,344.2,74.6,0,False,0.6285143850578202
Furazabol,C[C@]12Cc3nonc3C[C@@H]1CC[C@@H]1[C@@H]2CC[C@@]2(C)[C@H]1CC[C@]2(C)O,0.786,0.44792890548706055,0.963310431689024,0.8583177775144577,0.9858496151864528,0.947502969609132,0.9928111433982848,0.1074959933757782,0.5278521776199341,0.9386505484580994,0.40243542194366455,0.9218755960464478,0.9601885080337524,0.9421249628067015,0.14911474287509918,0.5114825963973999,0.7975889444351196,0.9848982691764832,0.9956368803977966,0.9928579330444336,0.14154170453548431,0.9989245533943176,0.9674188494682312,0.297240287065506,0.4620930179953575,0.1930143237113953,-5.086282994382812,4.216180943446663,3.936452993498005,-4.549400722324083,330.23,59.15,0,True,0.6395185639460882
Gestrinone,C#C[C@]1(O)CC[C@H]2[C@@H]3CCC4=CC(=O)CCC4=C3C=C[C@@]21CC,0.75,0.70929527283,0.13418197631835938,0.8245110511779785,0.1000261902809143,0.9809361721353472,0.9979709982872008,0.5796772614121437,0.507136881351471,0.9918028861284256,0.27663013339042664,0.9533677101135254,0.9982879757881165,0.6194776296615601,0.9021533727645874,0.1461020391434431,0.5890417098999023,0.2252829521894455,0.9968729615211488,0.9990034699440002,0.4578169882297516,0.9990046620368958,0.9939022064208984,0.1662883721292019,0.21908855065703392,0.6666727066040039,-4.591799920694469,3.409326004167334,3.438039506622909,-4.686651864753656,308.18,37.3,0,True,0.5870595216337178
Mestanolone,C[C@]12CCC(=O)C[C@@H]1CC[C@@H]1[C@@H]2CC[C@@]2(C)[C@H]1CC[C@]2(C)O,0.722,0.17279386520385742,0.9916141359135509,0.6620388925075531,0.9287948831915857,0.9445141767127546,0.995270311832428,0.7326071709394455,0.3150772154331207,0.1571112871170044,0.3853202760219574,0.970934271812439,0.7792277336120605,0.790001630783081,0.3326808214187622,0.2663375437259674,0.7580984234809875,0.6672711968421936,0.9927324652671814,0.9968482851982116,0.1870981901884079,0.9991527795791626,0.9985300302505492,0.181121826171875,0.5197093822062016,0.6127057075500488,-4.270357467736611,3.7887109858391166,3.7741743698929593,-4.529234596532282,304.24,37.3,0,True,0.5622625135713153
Mesterolone,C[C@H]1CC(=O)C[C@@H]2CC[C@H]3[C@@H]4CC[C@H](O)[C@@]4(C)CC[C@@H]3[C@]21C,0.728,0.13502001762390137,0.772080808877945,0.5715335309505463,0.9902718970552088,0.5960134953024513,0.6830636858940125,0.4463890939950943,0.1599364876747131,0.27989572286605835,0.5442988872528076,0.946793794631958,0.8440476655960083,0.6884965896606445,0.889880359172821,0.534576952457428,0.7274674773216248,0.1247795820236206,0.9552435874938964,0.9751759767532348,0.6979618221521378,0.9889206290245056,0.9808321595191956,0.17121518030762672,0.1152847521007061,0.43689775466918945,-3.986581044937117,3.719003685815632,3.651436481860095,-5.111461261275533,304.24,37.3,0,False,0.5758420510424508
Metandienone (Dianabol),C[C@]12C=CC(=O)C=C1CC[C@@H]1[C@@H]2CC[C@@]2(C)[C@H]1CC[C@]2(C)O,0.733,0.25259852409362793,0.8329562544822693,0.5017830729484558,0.8384930640459061,0.946192557559969,0.9966503977775574,0.8829528093338013,0.3199401795864105,0.8241473138332367,0.3091510534286499,0.9770334362983704,0.9334313869476318,0.7833076119422913,0.32369303703308105,0.119259275496006,0.5637204647064209,0.9417288303375244,0.999907374382019,0.99955815076828,0.5647756457328796,0.9996761083602904,0.9960047602653505,0.10602271649986506,0.13114801608026028,0.25027766823768616,-3.732457487688676,2.50257265495441,2.7896971549211,-4.957092256160299,300.21,37.3,0,True,0.6361104258232646
Metenolone,CC1=CC(=O)C[C@@H]2CC[C@H]3[C@@H]4CC[C@H](O)[C@@]4(C)CC[C@@H]3[C@@]12C,0.73,0.3322368860244751,0.5924051403999329,0.1963115930557251,0.9619849920272828,0.8175178714624947,0.6176272034645081,0.4212303087115288,0.11974292993545532,0.49248006939888,0.6193573474884033,0.9460976719856262,0.8416790962219238,0.7428496479988098,0.8293259888887405,0.5593395829200745,0.81331866979599,0.5310643911361694,0.9960755705833436,0.9989346861839294,0.17165130376815796,0.9989522695541382,0.996535062789917,0.16833118861541152,0.16908241668716073,0.7753649353981018,-4.261013960432448,3.72592117243123,3.6969916202412385,-5.031087560168165,302.22,37.3,0,False,0.6616737420360247
Methandriol,C[C@]12CC[C@H](O)CC1=CC[C@@H]1[C@@H]2CC[C@@]2(C)[C@H]1CC[C@]2(C)O,0.663,0.7797479629516602,0.9358959197998048,0.5014887750148773,0.9705413021147252,0.7970409335680293,0.9412469267845154,0.8706174045801163,0.24545076489448547,0.10080648213624954,0.519477903842926,0.9590080976486206,0.8343939781188965,0.6343380212783813,0.195890411734581,0.2328512072563171,0.6729267239570618,0.4003352820873261,0.8770720362663269,0.8286440968513489,0.4113273322582245,0.9913344979286194,0.990505874156952,0.13087098300457,0.8904639631509781,0.7084160447120667,-3.908045078137265,3.1472652463462754,3.3198172847660445,-4.533470128148788,304.24,40.46,0,True,0.509583503835731
Methasterone (Superdrol),C[C@@H]1C[C@@]2(C)[C@@H](CC[C@@H]3[C@@H]2CC[C@@]2(C)[C@H]3CC[C@]2(C)O)CC1=O,0.709,0.10813474655151369,0.7930457293987274,0.377676784992218,0.9179659709334372,0.9447361719503028,0.9995787739753724,0.47905083745718,0.16921097040176392,0.1889605075120926,0.4651215076446533,0.9540637135505676,0.8352759480476379,0.734001636505127,0.2183174341917038,0.4017117917537689,0.8311259150505066,0.7023378610610962,0.9821321964263916,0.9922147393226624,0.344929039478302,0.9964184761047364,0.9818314909934998,0.33363450318574905,0.16961615532636642,0.6184818744659424,-3.433788101908046,3.096819569479216,3.2437707666152225,-4.577757233851114,318.26,37.3,0,True,0.5527434671918551
Methyl-1-testosterone,C[C@]12C=CC(=O)C[C@@H]1CC[C@@H]1[C@@H]2CC[C@@]2(C)[C@H]1CC[C@]2(C)O,0.73,0.3030359745025635,0.9431458190083504,0.551019698381424,0.8443279713392258,0.9473322691026266,0.9946746826171876,0.6108468398451805,0.2969943583011627,0.1410461068153381,0.39365777373313904,0.984509289264679,0.9118295907974244,0.7708548903465271,0.3228035569190979,0.12690432369709015,0.765544593334198,0.7390128970146179,0.9965479969978333,0.9984782338142396,0.2291046231985092,0.9991982579231262,0.9964631199836732,0.9146702475845814,0.428808992728591,0.563390851020813,-4.242496342968466,3.740434067002239,3.728233725742081,-4.7528675014769615,302.22,37.3,0,True,0.5394644745522075
Methylclostebol,C[C@]12CCC(=O)C(Cl)=C1CC[C@@H]1[C@@H]2CC[C@@]2(C)[C@H]1CC[C@]2(C)O,0.687,0.2595365047454834,0.7066448330879211,0.47114038467407227,0.8933722004294395,0.9648114503754872,0.9992144107818604,0.4781544208526611,0.2848505675792694,0.6339161843061447,0.6788725256919861,0.9675880074501038,0.9877423048019408,0.8630450367927551,0.35670939087867737,0.5279116630554199,0.5919662714004517,0.8040592074394226,0.9990345239639282,0.9982408285140992,0.32078632712364197,0.9995799660682678,0.997042953968048,0.17221547896042466,0.17804955132305622,0.6987268328666687,-4.320016057609935,3.336842637025633,3.3977819806866183,-4.510918609341962,336.19,37.3,0,True,0.6558025230964025
Methyldienolone,C[C@]1(O)CC[C@H]2[C@@H]3CCC4=CC(=O)CCC4=C3CC[C@@]21C,0.732,0.3983438014984131,0.19830024242401123,0.20001500844955444,0.21208608150482175,0.9744818587840568,0.9415227174758912,0.9319160133600236,0.445862889289856,0.24258477985858917,0.3653358519077301,0.9515933990478516,0.7705403566360474,0.8120930790901184,0.6964022517204285,0.26287809014320374,0.5702733397483826,0.8139585256576538,0.9996910095214844,0.9996588230133056,0.24355104565620425,0.9997740387916564,0.995759665966034,0.5082213785499334,0.9762689471244812,0.5671613812446594,-3.4500774149609517,2.9612473252750453,3.0310650170989653,-4.524791261166904,286.19,37.3,0,True,0.6274483700593313
Methylnortestosterone,C[C@]1(O)CC[C@H]2[C@@H]3CCC4=CC(=O)CC[C@@H]4[C@H]3CC[C@@]21C,0.734,0.33711791038513184,0.7102406024932861,0.7408148348331451,0.8714422732591629,0.9641273713710332,0.977319061756134,0.8493906259536743,0.3968433439731598,0.2038644403219223,0.313968688249588,0.9790770411491394,0.7842140197753906,0.8493788242340088,0.4149767458438874,0.2971690595149994,0.40870559215545654,0.6825659871101379,0.999619483947754,0.9998626708984376,0.3233466148376465,0.9998631477355956,0.9972558617591858,0.594031997025013,0.1737590879201889,0.6119340658187866,-3.610227122139234,3.4141764974685462,3.2948250935215215,-4.516400424501629,288.21,37.3,0,True,0.5554552227258682
Methyltestosterone,C[C@]12CCC(=O)C=C1CC[C@@H]1[C@@H]2CC[C@@]2(C)[C@H]1CC[C@]2(C)O,0.725,0.17180442810058594,0.9548490345478058,0.3585779070854187,0.7429407835006714,0.9636127490629238,0.9947901964187622,0.6738507747650146,0.3149726390838623,0.1347915083169937,0.3277909755706787,0.9572668671607972,0.6913396120071411,0.7831128835678101,0.42105406522750854,0.3589424788951874,0.6506247520446777,0.8327603936195374,0.9999338388442992,0.99992573261261,0.2957903742790222,0.9998600482940674,0.9959664344787598,0.23043204564601183,0.17817943589761853,0.3932195603847504,-3.7651645994371497,2.71828685363886,2.9525213084045214,-4.493310263595096,302.22,37.3,0,True,0.5711327443520228
Metribolone (Methyltrienolone),C[C@]1(O)CC[C@H]2[C@@H]3CCC4=CC(=O)CCC4=C3C=C[C@@]21C,0.736,0.5825817584991455,0.16510170698165894,0.21951806545257568,0.32566237449645996,0.9684332265549016,0.9733903408050536,0.97504660487175,0.40766441822052,0.2725673019886017,0.40302854776382446,0.9737257957458496,0.8664185404777527,0.7477733492851257,0.6271988153457642,0.11296532303094864,0.6102205514907837,0.8935706615447998,0.9991905093193054,0.9982993006706238,0.4495910704135895,0.9992573857307434,0.9846709966659546,0.1354524213820696,0.7858076691627502,0.37863415479660034,-3.730933240158775,3.0808539863228974,3.096505451042623,-4.61098292829262,284.18,37.3,0,True,0.6240107723408275
Mibolerone,C[C@@H]1CC2=CC(=O)CC[C@@H]2[C@H]2CC[C@@]3(C)[C@@H](CC[C@]3(C)O)[C@@H]21,0.73,0.2879977226257324,0.9894168376922609,0.5156365036964417,0.6741985380649567,0.921817949808228,0.9015074372291564,0.5378328263759613,0.2273743152618408,0.2595445513725281,0.3950484693050385,0.9535862803459167,0.7635721564292908,0.8116796016693115,0.2490553855895996,0.4638583958148956,0.6332612037658691,0.7139337062835693,0.99798321723938,0.9982923865318298,0.5703521966934204,0.9985337257385254,0.9611902236938475,0.34099239856004715,0.19735854119062424,0.6225811243057251,-3.4329426846784092,3.3768673227973096,3.396959236565374,-4.53618805335773,302.22,37.3,0,True,0.5575333800580766
Nandrolone (19-Nortestosterone),C[C@]12CC[C@H]3[C@@H](CCC4=CC(=O)CC[C@@H]43)[C@@H]1CC[C@@H]2O,0.734,0.5800247192382812,0.9072141721844672,0.9458988979458808,0.9851801283657552,0.7529857912758894,0.8950554132461548,0.9900510311126708,0.40045782923698425,0.20945756137371063,0.4194629490375519,0.9417610168457032,0.8276470899581909,0.7390680909156799,0.23572690784931183,0.6005843877792358,0.31652548909187317,0.4853991568088531,0.9994527697563172,0.999901533126831,0.2798933982849121,0.9998897314071656,0.9988340735435486,0.26411113794893026,0.8649716037325561,0.677216112613678,-4.390481871257003,3.892913682538124,3.839948049141088,-4.450162074882467,274.19,37.3,0,False,0.5486707323127322
Norboletone,CC[C@]1(O)CC[C@H]2[C@@H]3CCC4=CC(=O)CC[C@@H]4[C@H]3CC[C@@]21CC,0.804,0.13921856880187988,0.23394262790679932,0.9585310555994512,0.9488784037530422,0.9416649724847204,0.9826701283454896,0.1792147010564804,0.530180811882019,0.21748286485671997,0.33699652552604675,0.9459574818611144,0.8647491335868835,0.860306978225708,0.48780518770217896,0.41477397084236145,0.3544609248638153,0.655128538608551,0.9988061189651488,0.999544322490692,0.3603540360927582,0.9997641444206238,0.9931733012199402,0.21015683189034465,0.310195074416697,0.7064861059188843,-3.466674283168671,3.3115633415827492,3.2308552675621356,-4.518737542988851,316.24,37.3,0,True,0.4946807970603307
Norclostebol,C[C@]12CC[C@H]3[C@@H](CCC4=C(Cl)C(=O)CC[C@@H]43)[C@@H]1CC[C@@H]2O,0.733,0.26550889015197754,0.6356631815433502,0.8616690635681152,0.9782122019678354,0.7954359686155722,0.9803993701934814,0.6860074400901794,0.4055841565132141,0.8610739558935165,0.7456463575363159,0.961589217185974,0.9940699934959412,0.821167528629303,0.20713995397090912,0.6786845922470093,0.2748722434043884,0.43598827719688416,0.9957757592201232,0.9987441301345824,0.29984545707702637,0.9998216032981871,0.9991937279701232,0.35689978394657373,0.11116480454802512,0.899970531463623,-4.9923826020249376,4.124440325424188,3.966003157009455,-4.5356228487188,308.15,37.3,0,True,0.6302410629060533
Norethandrolone,CC[C@]1(O)CC[C@H]2[C@@H]3CCC4=CC(=O)CC[C@@H]4[C@H]3CC[C@@]21C,0.785,0.21613240242004397,0.15337026119232178,0.7618794441223145,0.9523487128317356,0.928490634763464,0.9861871004104614,0.14281019568443298,0.47375327348709106,0.21033383905887604,0.3142234683036804,0.9608069062232972,0.7800769805908203,0.8541433215141296,0.3398244082927704,0.35453861951828003,0.3004913628101349,0.5705980062484741,0.9990179538726808,0.9994003772735596,0.2306310087442398,0.9994847774505616,0.9907382130622864,0.9363132528960704,0.25679070968180895,0.5183610320091248,-3.6280965602522937,3.5297983757942424,3.362623583003879,-4.522640850382911,302.22,37.3,0,True,0.4497522364060084
Oxabolone,C[C@]12CC[C@H]3[C@@H](CCC4=C(O)C(=O)CC[C@@H]43)[C@@H]1CC[C@@H]2O,0.719,0.4374033212661743,0.9700321853160858,0.987483342178166,0.9976923586800694,0.7346292719217816,0.6697822213172913,0.4064042121171951,0.13507582247257233,0.35813453793525696,0.32933399081230164,0.9028081297874452,0.8671535849571228,0.7104827165603638,0.7196792960166931,0.5980526804924011,0.4944535493850708,0.21428807079792023,0.9982158541679382,0.9998406171798706,0.3678572475910187,0.9999216794967652,0.9991053938865662,0.19196687499061227,0.5698984023183584,0.8958252668380737,-4.184059033646462,3.249412099033808,3.393841481276222,-4.608030482809848,290.19,57.53,0,False,0.5259596871005164
Oxandrolone,C[C@]12COC(=O)C[C@@H]1CC[C@@H]1[C@@H]2CC[C@@]2(C)[C@H]1CC[C@]2(C)O,0.696,0.15169978141784668,0.9093972370028496,0.24020689725875857,0.8128415793180466,0.9468722749367916,0.9885469675064088,0.4302990064024925,0.2932076156139374,0.4027060270309448,0.6484022736549377,0.9947062134742736,0.6043047904968262,0.872845470905304,0.3819608986377716,0.35009893774986267,0.9523165822029114,0.8329020738601685,0.954908549785614,0.980136513710022,0.17158298194408417,0.9939397573471068,0.9898181557655334,0.3044751938432455,0.44791558757424355,0.6348704695701599,-4.173280094676272,2.717281995387186,3.1073759294651024,-4.515814508781394,306.22,46.53,0,True,0.6518041648798518
Oxymesterone,C[C@]12CCC(=O)C(O)=C1CC[C@@H]1[C@@H]2CC[C@@]2(C)[C@H]1CC[C@]2(C)O,0.705,0.46810925006866455,0.9921900434419512,0.9684735089540482,0.9946480952203274,0.9324189189348374,0.9474360346794128,0.24829315021634105,0.8557035773992538,0.28232744336128235,0.25431039929389954,0.9299907088279724,0.7491141557693481,0.7647109031677246,0.1421152651309967,0.3770076036453247,0.7939715385437012,0.5988196134567261,0.9980815649032592,0.9987595081329346,0.5283384919166565,0.999678373336792,0.9981117248535156,0.33969192299991846,0.26559883262962103,0.8049089312553406,-3.6685887517185103,2.2580261403255353,2.466847686205026,-4.517338120632608,318.22,57.53,0,True,0.48794962507155204
Oxymetholone,C[C@]12C/C(=C/O)C(=O)C[C@@H]1CC[C@@H]1[C@@H]2CC[C@@]2(C)[C@H]1CC[C@]2(C)O,0.51,0.5423545837402344,0.9644883461296558,0.6083053350448608,0.9481457769870758,0.9434969887630305,0.9947138428688048,0.3219522908329964,0.11263352632522584,0.7569218873977661,0.4003819227218628,0.984038770198822,0.8330280184745789,0.9097201824188232,0.15352340042591095,0.3305954337120056,0.950440526008606,0.7634764909744263,0.542143702507019,0.9917981624603271,0.28048276901245117,0.9920281767845154,0.982999861240387,0.1767740398645401,0.2977801952511072,0.9889633655548096,-4.354859324859946,3.626051619516936,3.685879823653041,-4.541938727610047,332.24,57.53,0,True,0.6190056560768021
Prasterone (DHEA),C[C@]12CC[C@H](O)CC1=CC[C@@H]1[C@@H]2CC[C@]2(C)C(=O)CC[C@@H]12,0.687,0.34177303314208984,0.2590291500091553,0.5316241383552551,0.974381361156702,0.7346544342013401,0.9946223497390748,0.14666885137557983,0.4134320914745331,0.2508786916732788,0.5789713263511658,0.8718980550765991,0.7852706909179688,0.4957742989063263,0.48710110783576965,0.37215089797973633,0.35084274411201477,0.504484236240387,0.8536738157272339,0.8381783366203308,0.4913949370384216,0.9873729348182678,0.971480429172516,0.8291996270418167,0.1549222506582737,0.4140452444553375,-4.016300702109127,2.8342784625243613,3.056094838894955,-4.5255666563335915,288.21,37.3,0,False,0.4509744677278731
Prostanozol,C[C@]12Cc3cn[nH]c3C[C@@H]1CC[C@@H]1[C@@H]2CC[C@]2(C)[C@@H](OC3CCCCO3)CC[C@@H]12,0.737,0.13322830200195312,0.7151555418968201,0.4325723648071289,0.9252446219325066,0.942307043874001,0.983379065990448,0.3635939955711365,0.6194378733634949,0.5616733431816101,0.3075985610485077,0.8845300674438477,0.9519755840301514,0.5473247170448303,0.23730053007602692,0.2044767141342163,0.4783511459827423,0.5280453562736511,0.4621361196041107,0.11850803159177303,0.6626758724451065,0.9053791165351868,0.5371566414833069,0.18868902698159215,0.3691401507239789,0.6081619299948215,-6.286798465016849,4.807378414318122,4.25018938333344,-4.705205952386135,398.29,47.14,0,True,0.45698827008406323
Quinbolone,C[C@]12CC[C@H]3[C@@H](CCC4=CC(=O)C=C[C@@]43C)[C@@H]1CC[C@@H]2OC1=CCCC1,0.633,0.10302066802978516,0.6242142915725708,0.615531712770462,0.7513400763273239,0.9795804522280503,0.9991518259048462,0.1598498672246933,0.5037925243377686,0.26496580243110657,0.35212966799736023,0.958730697631836,0.8708628416061401,0.6488121747970581,0.4542194902896881,0.14166437089443207,0.4153191447257995,0.6479600667953491,0.9997804760932922,0.99940824508667,0.4898826777935028,0.9990931749343872,0.9903066158294678,0.2512883162125945,0.12048862874507904,0.2703661620616913,-5.946911983014967,4.337897008882724,3.810042092159057,-4.852867569879847,352.24,26.3,0,False,0.4492945869763692
Stanozolol,C[C@]12Cc3cn[nH]c3C[C@@H]1CC[C@@H]1[C@@H]2CC[C@@]2(C)[C@H]1CC[C@]2(C)O,0.752,0.3715395927429199,0.9810635764151812,0.5511170923709869,0.9596654511988164,0.9582832547006293,0.983851969242096,0.11734507232904434,0.33542120456695557,0.3219150900840759,0.3204163610935211,0.975463569164276,0.959691882133484,0.7729707360267639,0.18503902852535248,0.2036629468202591,0.8360018134117126,0.87812739610672,0.8901892900466919,0.6192435622215271,0.6199129298329353,0.9965366125106812,0.98846834897995,0.2828374970704317,0.9599242359399796,0.5078728497028351,-4.9416894609189965,3.9087284221844554,3.9212126955659303,-4.695142137707062,328.25,48.91,0,True,0.5123268903957473
Stenbolone,CC1=C[C@@]2(C)[C@@H](CC[C@@H]3[C@@H]2CC[C@]2(C)[C@@H](O)CC[C@@H]32)CC1=O,0.73,0.20714998245239255,0.9733111876994373,0.797399714589119,0.9774344004690648,0.896306657118555,0.9986752867698668,0.9285417199134828,0.2896047830581665,0.1979270577430725,0.4560840129852295,0.8961958289146423,0.854236364364624,0.544289767742157,0.15848369896411896,0.27162936329841614,0.563790500164032,0.6482107043266296,0.984941303730011,0.9824253916740416,0.25047317147254944,0.9931555390357972,0.9872704744338988,0.5890308879315853,0.739383976906538,0.7159993648529053,-3.85039855023754,3.288986331106458,3.412009421030018,-4.811843152419121,302.22,37.3,0,False,0.5183502948946423
Testosterone,C[C@]12CC[C@H]3[C@@H](CCC4=CC(=O)C=C[C@@]43C)[C@@H]1CC[C@@H]2O,0.738,0.22410154342651367,0.9348505139350892,0.7539568245410919,0.99061365891248,0.8130763870726292,0.9926785230636596,0.18166986107826233,0.5698786377906799,0.9264467656612396,0.32714125514030457,0.9762994647026062,0.9654560089111328,0.7556105256080627,0.3505778908729553,0.1729765087366104,0.2974594533443451,0.8596619367599487,0.99982750415802,0.9996991157531738,0.42577946186065674,0.9993545413017272,0.9965582489967346,0.1333707827143371,0.778960483148694,0.4143024682998657,-4.352499528529727,3.294198192990291,3.322107922042197,-4.8724366929785194,286.19,37.3,0,False,0.5386492957671484
Tetrahydrogestrinone (THG),CC[C@]1(O)CC[C@H]2[C@@H]3CCC4=CC(=O)CCC4=C3C=C[C@@]21CC,0.815,0.1056373119354248,0.16298925876617432,0.5441626906394958,0.3664752244949341,0.9519298723978759,0.974281907081604,0.24193114042282104,0.5511897802352905,0.33433210849761963,0.4572823941707611,0.9365765452384948,0.9039854407310486,0.7788636088371277,0.7231765985488892,0.15441836416721344,0.5138524174690247,0.8206096887588501,0.9956100583076476,0.9952563643455504,0.5037612915039062,0.9976797699928284,0.94572114944458,0.6333363801240921,0.8723261952400208,0.7308313846588135,-3.5400506299265815,3.216154274981526,3.137201648157032,-4.514077395709125,312.21,37.3,0,True,0.5512269851234224
Tibolone,C#C[C@]1(O)CC[C@H]2[C@@H]3[C@H](C)CC4=C(CCC(=O)C4)[C@H]3CC[C@@]21C,0.544,0.36954879761,0.4546046257019043,0.1078963279724121,0.6435682773590088,0.9681501519463772,0.9986207485198976,0.6082053110003471,0.4394493401050568,0.410764254629612,0.2234498560428619,0.9427018761634828,0.9981008172035216,0.6279688477516174,0.817543089389801,0.22118594497442243,0.6980327367782593,0.6083489209413528,0.9896125197410583,0.996304988861084,0.4266379475593567,0.993633508682251,0.9703518152236938,0.10856971144676208,0.11004220694303513,0.20869779586791992,-4.435887364155198,3.624032939848502,3.5016837038824287,-4.6550531835841635,312.21,37.3,0,True,0.5731334264079729
Trenbolone,C[C@]12C=CC3=C4CCC(=O)C=C4CC[C@H]3[C@@H]1CC[C@@H]2O,0.733,0.2201378345489502,0.4036778211593628,0.2326849102973938,0.6854324638843536,0.8983363728759333,0.8872181177139282,0.9202178567647934,0.4065947830677033,0.3485182225704193,0.46165168285369873,0.9358003735542296,0.856521487236023,0.6651489734649658,0.5464187860488892,0.1799657791852951,0.5194403529167175,0.8934282660484314,0.9989207983016968,0.9990643858909608,0.3969266414642334,0.9995017051696776,0.9949839115142822,0.6790909916162491,0.4841401800513267,0.42424336075782776,-4.666874748310528,3.3973903474792775,3.4013534895392468,-4.83981165839134,270.16,37.3,0,False,0.60784336593416
Trestolone (MENT),C[C@@H]1CC2=CC(=O)CC[C@@H]2[C@H]2CC[C@]3(C)[C@@H](O)CC[C@H]3[C@@H]21,0.737,0.30730366706848145,0.5741888284683228,0.6944847404956818,0.8259787857532501,0.8658224538556307,0.8666760921478271,0.792437344789505,0.316689670085907,0.25377073884010315,0.39545953273773193,0.899376630783081,0.7052891254425049,0.6464638113975525,0.1639055609703064,0.376451313495636,0.2561393976211548,0.6076675057411194,0.998078465461731,0.9981703758239746,0.501163125038147,0.998210906982422,0.9464778900146484,0.3501763939857483,0.1847347617149353,0.5919781923294067,-3.4216049050518635,3.4032582693246622,3.466985469776943,-4.579516482372734,288.21,37.3,0,False,0.48796353737513226
