,cons_CYP,cons_SRD5A,cons_UGT2B7,cons_CYP19A1,cons_HSD17B,cons_AR,cons_SHBG,Det,EI,Det_swiss,diff,Class
1-Androstenediol,0.11840914322806073,0.3368466125211913,0.1970802919708029,0.4193466254364648,0.10673957369466668,0.7330585883795401,0.59816048113433,0.2436482791424695,0.629846763617362,0.17256231080637777,0.07108596833609174,II
1-Androstenedione,0.16079656916264243,0.46618004866180046,0.0,0.6539817745319084,0.14209245742092458,0.5715997037066675,0.42627737226277373,0.29235966881107944,0.5444794184385475,0.0,0.29235966881107944,II
1-Androsterone,0.2107879974870016,0.34987127648336247,0.0,0.7574904281905767,0.1288650230682575,0.6656867058282795,0.6640632561857538,0.2841684488521714,0.6835604154079813,0.22395470851990998,0.06021374033226143,II
1-Epiandrosterone,0.11719946056429402,0.09787453432580001,0.32044330275206523,0.7847221523779162,0.33328285722053336,0.9008445320126236,1.0,0.2737874945679673,0.907366696481895,0.2499640799335622,0.0238234146344051,II
1-Testosterone,0.22968765243851033,0.3777077900005742,0.0,0.6333689584960553,0.11306185038236527,0.9021778435738723,0.8671532846715329,0.2770457789224447,0.8379086988876071,0.27322175529002224,0.0038240236324224575,II
11β-Methyl-19-nortestosterone,0.2535584999561656,0.5369031229316282,0.0,0.5749075039054227,0.14501643270191109,0.8444762529251286,0.9673841191696321,0.32519833072453436,0.8274348629945385,0.2831314189968889,0.042066911727645484,II
17α-Methylepithiostanol,0.08897900037359262,0.0,0.11150186548,0.29469429896223276,0.04714590972012328,0.5428897292542063,0.22562264400221896,0.09346385900574539,0.3980705176202154,0.04893692984955556,0.044526929156189825,III
19-Norandrostenediol,0.23183047083453598,0.0,0.0,0.5411334182000624,0.13800293957281154,0.8414966072707625,0.9021897810218978,0.1529279243959245,0.7996319215819632,0.07921613585012778,0.07371178854579673,II
19-Norandrostenedione,0.18657787220796956,0.8613571027476788,0.0,0.8662729122884717,0.26736180110589425,0.762574079777986,0.8093846733906754,0.46172871583015623,0.7973570243638899,0.46220076510846664,-0.00047204927831040466,I
4-Androstenediol,0.29307839330451557,0.3788091811269137,0.09787453432580001,0.446190242963194,0.1212176927489607,0.90085073570011,0.9343065693430657,0.28553756524873813,0.8199553872456135,0.08372976011860556,0.20180780513013258,II
4-Hydroxytestosterone,0.23646424800373225,0.3842601135885937,0.0,0.49174491458562875,0.13735456074387023,0.7598499753889605,0.6924873149254813,0.2618912893397425,0.6860201650892505,0.17633255510890555,0.08555873423083693,II
5-Androstenedione,0.19930012781680853,0.5162051799737091,0.0,0.7581949392574554,0.16347147523860048,0.6107976292823994,0.4943073697547309,0.3347629743587932,0.6053300134191101,0.23417963612855,0.10058333823024321,II
7-Keto-DHEA,0.1920697166172901,0.4078587484501732,0.0,0.7204568009215205,0.15679716681663583,0.5382534805006077,0.6061278512572701,0.29412329050926617,0.595056455811789,0.1167720506853,0.17735123982396617,II
7α-Hydroxy-DHEA,0.16985776554823692,0.4022649797686423,0.0,0.649737375652322,0.0,0.6156678745737338,0.6068605180329996,0.26060454166550023,0.6198395678272313,0.09738300770488889,0.16322153396061134,II
7β-Hydroxy-DHEA,0.16915555554248138,0.4022649797686423,0.0,0.643417485600522,0.0,0.6156678745737338,0.6005394602741996,0.25948100565629134,0.6166792724892312,0.09176532765884443,0.1677156779974469,II
"Androst-4-ene-3,11,17-trione",0.14209030434270137,0.6877627147665625,0.0,0.7096622184463512,0.21297860263210866,0.6851814034591548,0.6379625718865936,0.3695985835458076,0.6759119169848257,0.23894984813783887,0.13064873540796873,I
Androstanolone,0.1097587953838423,0.09787453432580001,0.35985936114622574,0.6252344294815787,0.2953944055155036,0.9439199726409042,1.0,0.2520985363467329,0.8970068722167678,0.26911160964685665,-0.01701307330012375,II
Androstenediol,0.3612524171245813,0.0,0.0,0.4291037929943279,0.13172992871669986,0.9089614366344068,0.9357664233576642,0.16785166610196448,0.8210314039233683,0.10414269056899444,0.06370897553297003,II
Androstenedione,0.21693082029762284,0.9450121654501216,0.0,0.9029207039722978,0.3112733171127332,0.9032583411762538,0.9338199513381996,0.5043017920165601,0.9123592967840464,0.5266434669755833,-0.022341674959023172,I
Bolasterone,0.3033970451545314,0.5160427998318813,0.0,0.8237119698530144,0.17104448759173138,0.9115875289538758,1.0,0.3713233454753226,0.9205361584475408,0.2277915577696389,0.14353178770568367,I
Boldenone,0.12249014437182937,0.3359867966986898,0.0,0.6759135537426649,0.03262484477526667,0.6948994926007706,0.8680139234074978,0.23606809264149067,0.7430366340711676,0.21312135961765,0.022946733023840676,II
Boldione,0.13801952125683112,0.4962927285400458,0.0,0.7973026216339492,0.17110811957012065,0.5971600017787323,0.513324358710362,0.320098904078326,0.6120378328292646,0.24353179386269444,0.07656711021563153,II
Calusterone,0.2796656122616365,0.5122073850986151,0.0,0.7856412671193663,0.13832226112825077,0.8789841226278418,0.9297684120103982,0.3552570347757237,0.8755508383409135,0.22601811281142775,0.12923892196429593,I
Clostebol,0.10946810161874741,0.33121875105818,0.0,0.46543863256459245,0.08169578806562207,0.6706254148244775,0.5012644109770384,0.20471802441339193,0.5787797572182688,0.07478994492933333,0.1299280794840586,II
Danazol,0.2582266749359923,0.0,0.0,0.37541777586947184,0.09364665711699599,0.9181528609809526,0.9805352798053528,0.13023400082611844,0.8283205696059766,0.027777777777777776,0.10245622304834066,III
Dehydrochlormethyltestosterone,0.11549504955902876,0.10900243309002434,0.0,0.48642901493705,0.0,0.5872834390887696,0.4496708314646676,0.13453884455732198,0.525828771971195,0.02384964436991111,0.11068920018741088,III
Desoxymethyltestosterone,0.21126669919940466,0.0,0.0,0.6789844649199994,0.0,0.7274966313203141,0.5546686618549741,0.15466434453785108,0.6659458072006491,0.14978597815054442,0.004878366387306654,II
Dimethandrolone,0.142901054344713,0.1693430656934307,0.0,0.5150952371781701,0.06493348286908517,0.6040947694107376,0.3631702782909537,0.17028581715784147,0.5140175156282889,0.033516600774666665,0.1367692163831748,II
Drostanolone,0.07516489983387468,0.11150186548,0.127302569502,0.5649822330248722,0.21631981828498228,0.7776113854497392,0.8436725979237372,0.18408161528509773,0.7549039187069652,0.23511790159388887,-0.051036286308791146,II
Epi-dihydrotestosterone,0.09570657463186452,0.09787453432580001,0.35657528672142574,0.5966389770395787,0.283858992351637,0.9251829137231042,0.9625258821644,0.2424858070910918,0.8706770169187878,0.23644880213044003,0.006037004960651765,II
Epiandrosterone,0.11719946056429402,0.09787453432580001,0.32044330275206523,0.7847221523779162,0.33328285722053336,0.9008445320126236,1.0,0.2737874945679673,0.907366696481895,0.2499640799335622,0.0238234146344051,II
Epitestosterone,0.26605381849290044,0.5376163721878209,0.0,0.6316523371130154,0.16868350573973903,0.9140490738202289,0.8934261254734024,0.3394145674204976,0.8513828419747382,0.25277493395610445,0.08663963346439313,II
Ethylestrenol,0.22453444912150658,0.0,0.09787453432580001,0.5205902257121918,0.0,0.7977768940725122,0.4131606024893791,0.1537970530023654,0.6269546729255082,0.19657602288392112,-0.04277896988155572,II
Fluoxymesterone,0.09507628724096051,0.0,0.104671941128,0.5281730398609968,0.0,0.9038489368345554,0.6110895197509976,0.12392941601498966,0.7408859323147763,0.06398472245906667,0.059944693555922995,III
Formebolone,0.13249406570591526,0.0,0.0,0.37906486260429995,0.0,0.49847217886717954,0.4435235370408088,0.0899832458171238,0.4581061230666924,0.03039856362573889,0.05958468219138491,III
Furazabol,0.05964287571113817,0.104671941128,0.0,0.170809885675459,0.03455642102306829,0.5424799911099947,0.18834079591592018,0.07538942621981021,0.3619042114648652,0.059314099972533334,0.016075326247276873,III
Gestrinone,0.06358426225535241,0.0,0.0,0.318960750261251,0.0,0.7286522077938717,0.9381995133819951,0.06374017810302575,0.7095781079637846,0.020887292370622222,0.04285288573240353,III
Mestanolone,0.11086786568575577,0.11150186548,0.127302569502,0.642261139870313,0.27481033440647523,0.8594898727126227,1.0,0.2104482443870334,0.858197164330374,0.21777160534488887,-0.007323360957855463,II
Mesterolone,0.09008887006503291,0.11150186548,0.135202128368,0.5877960996252962,0.22064571723090576,0.8691871199822228,0.9017031630170317,0.1932471895007432,0.8226637288212801,0.25832291821674447,-0.06507572871600126,II
Metenolone,0.2630212019024927,0.45211599248555434,0.0,0.6981505104803261,0.1200345637026683,0.7957067581085804,0.8827250608272506,0.3181161311636052,0.8023009993985305,0.2547496737319,0.06336645743170521,II
Methandriol,0.3805045386198567,0.0,0.0,0.4749214329834468,0.1327939108705077,0.8427110209727081,0.980898875296,0.17964374068953198,0.8106094596718434,0.1130858858481,0.06655785484143198,II
Methasterone,0.1288333784136354,0.101613854776,0.11827708477200001,0.7131047559949563,0.25347198131855114,0.762541927021142,0.8888306933495718,0.21866082952170743,0.7905411227144339,0.2271403395227778,-0.008479510001070362,II
Methyl-1-testosterone,0.23508443129088766,0.3056330637279737,0.0,0.6619064522341856,0.10316335511128727,0.8005242450934993,0.8681265206812652,0.26006333028737055,0.7930813691979663,0.24658743651727774,0.013475893770092812,II
Methylclostebol,0.13832429419276016,0.32093751271331966,0.0,0.5779599385933507,0.08005297463517792,0.7055857986961953,0.5607365424871066,0.22556161561470633,0.6366058498128998,0.06864402927092222,0.1569175863437841,II
Methyldienolone,0.10956458298093875,0.37786422732627445,0.0,0.6205269119441053,0.11605074894011479,0.9097070051939062,0.7361223706591378,0.2454345256287443,0.7997955961835155,0.12727640152467665,0.11815812410406765,II
Methylnortestosterone,0.29673079072983793,0.5435892681075358,0.0,0.730630686603746,0.22200391789038443,0.8700371070670052,1.0,0.36905447289432053,0.8811446908542517,0.2567068050073055,0.112347667887015,I
Methyltestosterone,0.27002445846677786,0.5431026501026694,0.0,0.6982705892801451,0.1543419010921038,0.8376770097434042,0.9352798053527981,0.35061168814872745,0.8390765643335706,0.2519954284421944,0.09861625970653304,I
Metribolone,0.11364511857630538,0.3168925343977255,0.0,0.48028783728443425,0.0656934306569343,0.8255508009701,0.9381995133819951,0.20209155862175257,0.7902928219565355,0.06512269325535,0.13696886536640257,II
Mibolerone,0.2455814866951852,0.38713348778834944,0.0,0.6649707143369394,0.12506116533026537,0.8870783990512209,0.8627737226277372,0.28978714169386854,0.8353654591813194,0.24590459336928885,0.04388254832457969,II
Nandrolone,0.23018868236755685,0.5741163019009917,0.0,0.6301808277280855,0.11625629117968693,0.8974844893102539,0.9021897810218978,0.33593481443936823,0.8454353445073134,0.2610903037804333,0.07484451065893494,II
Norboletone,0.25651835761530845,0.3256563326922549,0.0,0.5300959166745758,0.17073540969588222,0.7659795249547025,0.8749953902647055,0.2584144176822782,0.7515075628916781,0.19169373475895554,0.06672068292332264,II
Norclostebol,0.10502376301098748,0.28440528818287475,0.0,0.4230798168928971,0.08052763458488363,0.7107218581532924,0.5563826766403124,0.1830922632000322,0.6068916954473194,0.06197986360176111,0.12111239959827108,II
Norethandrolone,0.28924522587160717,0.4109996690564526,0.0,0.7202739685160567,0.182437805011369,0.7476170928120047,0.9287862283628437,0.32189608296338296,0.7964992086180669,0.2360032595889611,0.08589282337442186,II
Oxabolone,0.21048133762306728,0.29657073830452924,0.0,0.45546388602471216,0.10617762129040172,0.7570408865719704,0.6531981322135737,0.22052890092987257,0.6655726601549998,0.16206976256210442,0.05845913836776814,II
Oxandrolone,0.06694068251876353,0.11150186548,0.15117008925769343,0.49096427718887176,0.06839489593261314,0.6556856486951571,0.2835301865812944,0.16090387929682162,0.5110947357597413,0.0851965035419111,0.07570737575491052,II
Oxymesterone,0.21817482610444092,0.3652197511561421,0.0,0.642671686862854,0.13338897975515845,0.7947802707194641,0.769337291484548,0.27384928287789684,0.7567256601776672,0.16183001611945003,0.11201926675844681,II
Oxymetholone,0.17183739597273734,0.0,0.0,0.25359162318798223,0.23667224166486442,0.802892811788571,0.4014794820473071,0.10466531663786813,0.572608575146074,0.034309136258622225,0.0703561803792459,III
Prasterone,0.19317736252534978,0.35837122492253415,0.0,0.8196344172755342,0.13000046507961194,0.6774204428910727,0.9318734793187348,0.29175091720738905,0.7821991486962636,0.18612108234225,0.10562983486513905,II
Prostanozol,0.21625530748796834,0.0,0.0,0.4449383856828273,0.09140906783627922,0.48347266450461046,0.0,0.1299454915080441,0.3307240093888707,0.0,0.1299454915080441,III
Quinbolone,0.14834971823718812,0.19118115676685254,0.0,0.5537778556409971,0.0,0.5493878351509496,0.0,0.17750845493550238,0.38544948870367424,0.05224010432147777,0.1252683506140246,II
Stanozolol,0.4282785483736047,0.0,0.0,0.39679099486136554,0.1305864070000851,0.8820895068593051,0.14209245742092458,0.1796469270226145,0.563030689628203,0.1102556882818111,0.0693912387408034,II
Stenbolone,0.2551090619338321,0.41245952307105105,0.0,0.5966354268096676,0.1291319326127841,0.8748489506535009,0.9401459854014599,0.2899236296875019,0.8387953563091219,0.21956604521300555,0.07035758447449636,II
Testosterone,0.26353690120913,0.5781944080054404,0.0,0.6662123718393133,0.1525281293794803,0.9162388548421267,0.9352798053527981,0.35452721641775964,0.8719458433947654,0.27225933888061665,0.08226787753714299,I
Tetrahydrogestrinone,0.1327114794898191,0.22702023777414698,0.101613854776,0.46016583060267185,0.0,0.7457568094997985,0.7993852064630345,0.19063158675029965,0.704727132809344,0.07909962458902223,0.11153196216127742,II
Tibolone,0.21585339841666182,0.0,0.0,0.3028577611638391,0.0,0.745334937009054,0.5090396213100515,0.09939201377874132,0.5859509071303102,0.05148767722551111,0.04790433655323021,III
Trenbolone,0.13678416602276935,0.36065463842828616,0.100578902067,0.43966026206646747,0.06309813463098134,0.8007991731266847,0.8272258966840681,0.23476706622064644,0.7364994079818562,0.09626372279232778,0.13850334342831866,II
Trestolone,0.22682364181829623,0.5297039453770988,0.0,0.5870965621267356,0.1240918584926654,0.8765802903476777,0.8734793187347932,0.31609076423598054,0.8177532532196239,0.281565989223,0.03452477501298051,II
