endpoint,test,stat,p,p_adj
h_ht,Kruskal-Wallis,19.538,0.0006160828803883324,
h_ht,MWU Holm,A17 vs CMOD,0.003867907316183178,0.034811165845648605
h_ht,MWU Holm,A17 vs D1,0.0009769820670821783,0.009769820670821782
h_ht,MWU Holm,A17 vs N19,0.008459575895615941,0.06767660716492753
h_ht,MWU Holm,A17 vs NAT,0.013430758774746305,0.09401531142322413
h_ht,MWU Holm,CMOD vs D1,0.9047619047619049,1.0
h_ht,MWU Holm,CMOD vs N19,0.9142857142857143,1.0
h_ht,MWU Holm,CMOD vs NAT,0.413986013986014,1.0
h_ht,MWU Holm,D1 vs N19,0.5367965367965368,1.0
h_ht,MWU Holm,D1 vs NAT,0.2977022977022977,1.0
h_ht,MWU Holm,N19 vs NAT,0.5286713286713286,1.0
dili,Kruskal-Wallis,0.4,0.9824978091227228,
dili,MWU Holm,A17 vs CMOD,0.8830505382229521,1.0
dili,MWU Holm,A17 vs D1,0.9378203883209443,1.0
dili,MWU Holm,A17 vs N19,0.906426011264721,1.0
dili,MWU Holm,A17 vs NAT,0.5089362667555067,1.0
dili,MWU Holm,CMOD vs D1,0.9047619047619049,1.0
dili,MWU Holm,CMOD vs N19,0.9142857142857143,1.0
dili,MWU Holm,CMOD vs NAT,0.8251748251748252,1.0
dili,MWU Holm,D1 vs N19,0.9307359307359306,1.0
dili,MWU Holm,D1 vs NAT,0.8981018981018981,1.0
dili,MWU Holm,N19 vs NAT,0.8639360639360639,1.0
bsep,Kruskal-Wallis,6.663,0.15481919111795336,
bsep,MWU Holm,A17 vs CMOD,0.05232621784345921,0.5232621784345921
bsep,MWU Holm,A17 vs D1,0.7350318696258629,1.0
bsep,MWU Holm,A17 vs N19,0.13086189240249307,0.9160332468174515
bsep,MWU Holm,A17 vs NAT,0.8949059968977191,1.0
bsep,MWU Holm,CMOD vs D1,0.1111111111111111,0.8888888888888888
bsep,MWU Holm,CMOD vs N19,0.35238095238095235,1.0
bsep,MWU Holm,CMOD vs NAT,0.07552447552447553,0.6797202797202797
bsep,MWU Holm,D1 vs N19,0.17748917748917747,1.0
bsep,MWU Holm,D1 vs NAT,0.6993006993006993,1.0
bsep,MWU Holm,N19 vs NAT,0.2721278721278721,1.0
carcinogenicity,Kruskal-Wallis,9.197,0.05636946625014153,
carcinogenicity,MWU Holm,A17 vs CMOD,0.12282430213464696,1.0
carcinogenicity,MWU Holm,A17 vs D1,0.15938932735373224,1.0
carcinogenicity,MWU Holm,A17 vs N19,0.007108868760704134,0.07108868760704135
carcinogenicity,MWU Holm,A17 vs NAT,0.1263700865857364,1.0
carcinogenicity,MWU Holm,CMOD vs D1,0.9047619047619049,1.0
carcinogenicity,MWU Holm,CMOD vs N19,0.6095238095238095,1.0
carcinogenicity,MWU Holm,CMOD vs NAT,1.0,1.0
carcinogenicity,MWU Holm,D1 vs N19,0.32900432900432897,1.0
carcinogenicity,MWU Holm,D1 vs NAT,0.8981018981018981,1.0
carcinogenicity,MWU Holm,N19 vs NAT,0.7756243756243756,1.0
nephrotoxicity,Kruskal-Wallis,14.04,0.007167407940668422,
nephrotoxicity,MWU Holm,A17 vs CMOD,0.1571975916803503,0.6287903667214012
nephrotoxicity,MWU Holm,A17 vs D1,0.06252685229325941,0.37141797764712114
nephrotoxicity,MWU Holm,A17 vs N19,0.061902996274520186,0.37141797764712114
nephrotoxicity,MWU Holm,A17 vs NAT,0.0272484408923059,0.1907390862461413
nephrotoxicity,MWU Holm,CMOD vs D1,0.015873015873015872,0.12698412698412698
nephrotoxicity,MWU Holm,CMOD vs N19,0.009523809523809525,0.08571428571428572
nephrotoxicity,MWU Holm,CMOD vs NAT,0.002797202797202797,0.027972027972027972
nephrotoxicity,MWU Holm,D1 vs N19,0.7922077922077921,1.0
nephrotoxicity,MWU Holm,D1 vs NAT,1.0,1.0
nephrotoxicity,MWU Holm,N19 vs NAT,0.9546453546453546,1.0
herg,Kruskal-Wallis,11.164,0.024778392035513522,
herg,MWU Holm,A17 vs CMOD,0.976464148877942,1.0
herg,MWU Holm,A17 vs D1,0.15938932735373224,0.7969466367686612
herg,MWU Holm,A17 vs N19,0.025164645020039907,0.20131716016031925
herg,MWU Holm,A17 vs NAT,0.10063110674807273,0.6037866404884363
herg,MWU Holm,CMOD vs D1,0.19047619047619047,0.7969466367686612
herg,MWU Holm,CMOD vs N19,0.01904761904761905,0.17142857142857143
herg,MWU Holm,CMOD vs NAT,0.2601398601398601,0.7969466367686612
herg,MWU Holm,D1 vs N19,0.05194805194805195,0.36363636363636365
herg,MWU Holm,D1 vs NAT,0.6993006993006993,1.0
herg,MWU Holm,N19 vs NAT,0.007592407592407592,0.07592407592407592
nr_ar,Kruskal-Wallis,1.411,0.8423193772425568,
nr_ar,MWU Holm,A17 vs CMOD,0.5361795292829775,1.0
nr_ar,MWU Holm,A17 vs D1,0.5136336081831075,1.0
nr_ar,MWU Holm,A17 vs N19,0.5878908663947596,1.0
nr_ar,MWU Holm,A17 vs NAT,0.6918859681811715,1.0
nr_ar,MWU Holm,CMOD vs D1,0.5555555555555556,1.0
nr_ar,MWU Holm,CMOD vs N19,0.47619047619047616,1.0
nr_ar,MWU Holm,CMOD vs NAT,0.8251748251748252,1.0
nr_ar,MWU Holm,D1 vs N19,0.6623376623376623,1.0
nr_ar,MWU Holm,D1 vs NAT,0.6993006993006993,1.0
nr_ar,MWU Holm,N19 vs NAT,0.5286713286713286,1.0
di,Kruskal-Wallis,10.476,0.0331307839719508,
di,MWU Holm,A17 vs CMOD,0.9272030651340996,1.0
di,MWU Holm,A17 vs D1,0.08462801566249842,0.6797202797202797
di,MWU Holm,A17 vs N19,0.17364565974132157,1.0
di,MWU Holm,A17 vs NAT,0.0070709496485969895,0.0707094964859699
di,MWU Holm,CMOD vs D1,0.19047619047619047,1.0
di,MWU Holm,CMOD vs N19,0.47619047619047616,1.0
di,MWU Holm,CMOD vs NAT,0.07552447552447553,0.6797202797202797
di,MWU Holm,D1 vs N19,0.7922077922077921,1.0
di,MWU Holm,D1 vs NAT,0.23976023976023977,1.0
di,MWU Holm,N19 vs NAT,0.38841158841158835,1.0
eii,Kruskal-Wallis,5.165,0.270741537372031,
eii,MWU Holm,A17 vs CMOD,0.8787840511978442,1.0
eii,MWU Holm,A17 vs D1,0.5159221366117918,1.0
eii,MWU Holm,A17 vs N19,0.268307887885196,1.0
eii,MWU Holm,A17 vs NAT,0.07898257926378298,0.7898257926378298
eii,MWU Holm,CMOD vs D1,0.7301587301587302,1.0
eii,MWU Holm,CMOD vs N19,0.7619047619047619,1.0
eii,MWU Holm,CMOD vs NAT,0.3300699300699301,1.0
eii,MWU Holm,D1 vs N19,0.24675324675324672,1.0
eii,MWU Holm,D1 vs NAT,0.11188811188811189,1.0
eii,MWU Holm,N19 vs NAT,0.45594405594405585,1.0
