id,compuesto,smiles,smiles_corregido
1,1-Androstenediol,C[C@]12C=C[C@H](O)C[C@@H]1CC[C@@H]1[C@@H]2CC[C@]2(C)[C@@H](O)CC[C@@H]12,False
2,1-Androstenedione,C[C@]12C=CC(=O)C[C@@H]1CC[C@@H]1[C@@H]2CC[C@]2(C)C(=O)CC[C@@H]12,False
3,1-Androsterone,C[C@]12C=C[C@@H](O)C[C@@H]1CC[C@@H]1[C@@H]2CC[C@]2(C)C(=O)CC[C@@H]12,False
4,1-Epiandrosterone,C[C@]12C=C[C@@H](O)C[C@@H]1CC[C@@H]1[C@@H]2CC[C@]2(C)C(=O)CC[C@@H]12,False
5,1-Testosterone,C[C@]12C=CC(=O)C[C@@H]1CC[C@@H]1[C@@H]2CC[C@]2(C)[C@@H](O)CC[C@@H]12,False
6,4-Androstenediol,C[C@]12CC[C@H]3[C@@H](CCC4=C[C@@H](O)CC[C@@]43C)[C@@H]1CC[C@@H]2O,False
7,4-Hydroxytestosterone,C[C@]12CC[C@H]3[C@@H](CCC4=C(O)C(=O)CC[C@@]43C)[C@@H]1CC[C@@H]2O,False
8,5-Androstenedione,C[C@]12CCC(=O)CC1=CC[C@@H]1[C@@H]2CC[C@]2(C)C(=O)CC[C@@H]12,False
9,7α-Hydroxy-DHEA,C[C@]12CC[C@H](O)CC1=C[C@@H](O)[C@@H]1[C@@H]2CC[C@]2(C)C(=O)CC[C@@H]12,False
10,7β-Hydroxy-DHEA,C[C@]12CC[C@H](O)CC1=C[C@@H](O)[C@@H]1[C@@H]2CC[C@]2(C)C(=O)CC[C@@H]12,False
11,7-Keto-DHEA,C[C@]12CC[C@H](O)CC1=CC(=O)[C@@H]1[C@@H]2CC[C@]2(C)C(=O)CC[C@@H]12,False
12,11β-Methyl-19-nortestosterone,C[C@H]1C[C@]2(C)[C@@H](O)CC[C@H]2[C@@H]2CCC3=CC(=O)CC[C@@H]3[C@H]21,False
13,17α-Methylepithiostanol (Epistane),C[C@]12C[C@H]3S[C@H]3C[C@@H]1CC[C@@H]1[C@@H]2CC[C@@]2(C)[C@H]1CC[C@]2(C)O,False
14,19-Norandrostenediol,C[C@]12CC[C@H]3[C@@H](CC=C4C[C@@H](O)CC[C@@H]43)[C@@H]1CC[C@@H]2O,False
15,19-Norandrostenedione,C[C@]12CC[C@H]3[C@@H](CCC4=CC(=O)CC[C@@H]43)[C@@H]1CCC2=O,False
16,"Androst-4-ene-3,11,17-trione (Adrenosterone)",C[C@]12CCC(=O)C=C1CC[C@@H]1[C@@H]2C(=O)C[C@]2(C)C(=O)CC[C@@H]12,False
17,Androstanolone (DHT),C[C@]12CCC(=O)C[C@@H]1CC[C@@H]1[C@@H]2CC[C@]2(C)[C@@H](O)CC[C@@H]12,False
18,Androstenediol,C[C@]12CC[C@H]3[C@@H](CC=C4C[C@@H](O)CC[C@@]43C)[C@@H]1CC[C@@H]2O,False
19,Androstenedione,C[C@]12CCC(=O)C=C1CC[C@@H]1[C@@H]2CC[C@]2(C)C(=O)CC[C@@H]12,False
20,Bolasterone,C[C@@H]1CC2=CC(=O)CC[C@]2(C)[C@H]2CC[C@@]3(C)[C@@H](CC[C@]3(C)O)[C@H]12,False
21,Boldenone,C[C@]12CC[C@H]3[C@@H](CCC4=CC(=O)C=C[C@@]43C)[C@@H]1CC[C@@H]2O,False
22,Boldione,C[C@]12C=CC(=O)C=C1CC[C@@H]1[C@@H]2CC[C@]2(C)C(=O)CC[C@@H]12,False
23,Calusterone,C[C@@H]1CC2=CC(=O)CC[C@]2(C)[C@H]2CC[C@@]3(C)[C@@H](CC[C@]3(C)O)[C@H]12,False
24,Clostebol,C[C@]12CC[C@H]3[C@@H](CCC4=C(Cl)C(=O)CC[C@@]43C)[C@@H]1CC[C@@H]2O,False
25,Danazol,C[C@]12CC[C@H]3[C@H]([C@@H]1CC[C@]2(C#C)O)CCC4=CC5=C(C[C@]34C)C=NO5,True
26,Dehydrochlormethyltestosterone (Oral Turinabol),C[C@]12C=CC(=O)C(Cl)=C1CC[C@@H]1[C@@H]2CC[C@@]2(C)[C@H]1CC[C@]2(C)O,False
27,Desoxymethyltestosterone,C[C@]12CC=CC[C@@H]1CC[C@@H]1[C@@H]2CC[C@@]2(C)[C@H]1CC[C@]2(C)O,False
28,Dimethandrolone,C[C@@H]1CC2=CC(=O)CC[C@@H]2[C@@H]2[C@@H]1[C@@H]1CC[C@H](O)[C@@]1(C)C[C@@H]2C,False
29,Drostanolone,C[C@@H]1C[C@@]2(C)[C@@H](CC[C@@H]3[C@@H]2CC[C@]2(C)[C@@H](O)CC[C@@H]32)CC1=O,False
30,Epiandrosterone,C[C@]12CC[C@H](O)C[C@@H]1CC[C@@H]1[C@@H]2CC[C@]2(C)C(=O)CC[C@@H]12,False
31,Epi-dihydrotestosterone,C[C@]12CCC(=O)C[C@@H]1CC[C@@H]1[C@@H]2CC[C@]2(C)[C@@H](O)CC[C@@H]12,False
32,Epitestosterone,C[C@]12CC[C@H]3[C@H]([C@@H]1CC[C@H]2O)CCC4=CC(=O)CC[C@]34C,True
33,Ethylestrenol,CC[C@@]1(CC[C@@H]2[C@@]1(CC[C@H]3[C@H]2CCC4=CCCC[C@H]34)C)O,True
34,Fluoxymesterone,C[C@]1(O)CC[C@H]2[C@@H]3CCC4=CC(=O)CC[C@]4(C)[C@@]3(F)[C@@H](O)C[C@@]21C,False
35,Formebolone,C[C@]12C=C(C=O)C(=O)C=C1CC[C@@H]1[C@@H]2[C@H](O)C[C@@]2(C)[C@H]1CC[C@]2(C)O,False
36,Furazabol,C[C@]12Cc3nonc3C[C@@H]1CC[C@@H]1[C@@H]2CC[C@@]2(C)[C@H]1CC[C@]2(C)O,False
37,Gestrinone,CC[C@]12C=CC3=C4CCC(=O)C=C4CC[C@H]3[C@@H]1CC[C@]2(C#C)O,True
38,Mestanolone,C[C@]12CCC(=O)C[C@@H]1CC[C@@H]1[C@@H]2CC[C@@]2(C)[C@H]1CC[C@]2(C)O,False
39,Mesterolone,C[C@H]1CC(=O)C[C@@H]2CC[C@H]3[C@@H]4CC[C@H](O)[C@@]4(C)CC[C@@H]3[C@]21C,False
40,Metandienone (Dianabol),C[C@]12C=CC(=O)C=C1CC[C@@H]1[C@@H]2CC[C@@]2(C)[C@H]1CC[C@]2(C)O,False
41,Metenolone,CC1=CC(=O)C[C@@H]2CC[C@H]3[C@@H]4CC[C@H](O)[C@@]4(C)CC[C@@H]3[C@@]12C,False
42,Methandriol,C[C@]12CC[C@H](O)CC1=CC[C@@H]1[C@@H]2CC[C@@]2(C)[C@H]1CC[C@]2(C)O,False
43,Methasterone (Superdrol),C[C@@H]1C[C@@]2(C)[C@@H](CC[C@@H]3[C@@H]2CC[C@@]2(C)[C@H]3CC[C@]2(C)O)CC1=O,False
44,Methyl-1-testosterone,C[C@]12C=CC(=O)C[C@@H]1CC[C@@H]1[C@@H]2CC[C@@]2(C)[C@H]1CC[C@]2(C)O,False
45,Methylclostebol,C[C@]12CCC(=O)C(Cl)=C1CC[C@@H]1[C@@H]2CC[C@@]2(C)[C@H]1CC[C@]2(C)O,False
46,Methyldienolone,C[C@]1(O)CC[C@H]2[C@@H]3CCC4=CC(=O)CCC4=C3CC[C@@]21C,False
47,Methylnortestosterone,C[C@]1(O)CC[C@H]2[C@@H]3CCC4=CC(=O)CC[C@@H]4[C@H]3CC[C@@]21C,False
48,Methyltestosterone,C[C@]12CCC(=O)C=C1CC[C@@H]1[C@@H]2CC[C@@]2(C)[C@H]1CC[C@]2(C)O,False
49,Metribolone (Methyltrienolone),C[C@]1(O)CC[C@H]2[C@@H]3CCC4=CC(=O)CCC4=C3C=C[C@@]21C,False
50,Mibolerone,C[C@@H]1CC2=CC(=O)CC[C@@H]2[C@H]2CC[C@@]3(C)[C@@H](CC[C@]3(C)O)[C@@H]21,False
51,Nandrolone (19-Nortestosterone),C[C@]12CC[C@H]3[C@@H](CCC4=CC(=O)CC[C@@H]43)[C@@H]1CC[C@@H]2O,False
52,Norboletone,CC[C@]1(O)CC[C@H]2[C@@H]3CCC4=CC(=O)CC[C@@H]4[C@H]3CC[C@@]21CC,False
53,Norclostebol,C[C@]12CC[C@H]3[C@@H](CCC4=C(Cl)C(=O)CC[C@@H]43)[C@@H]1CC[C@@H]2O,False
54,Norethandrolone,CC[C@@]1(CC[C@@H]2[C@@]1(CC[C@H]3[C@H]2CCC4=CC(=O)CC[C@H]34)C)O,True
55,Oxabolone,C[C@]12CC[C@H]3[C@@H](CCC4=C(O)C(=O)CC[C@@H]43)[C@@H]1CC[C@@H]2O,False
56,Oxandrolone,C[C@]12COC(=O)C[C@@H]1CC[C@@H]1[C@@H]2CC[C@@]2(C)[C@H]1CC[C@]2(C)O,False
57,Oxymesterone,C[C@]12CCC(=O)C(O)=C1CC[C@@H]1[C@@H]2CC[C@@]2(C)[C@H]1CC[C@]2(C)O,False
58,Oxymetholone,C[C@]12C/C(=C/O)C(=O)C[C@@H]1CC[C@@H]1[C@@H]2CC[C@@]2(C)[C@H]1CC[C@]2(C)O,False
59,Prasterone (DHEA),C[C@]12CC[C@H](O)CC1=CC[C@@H]1[C@@H]2CC[C@]2(C)C(=O)CC[C@@H]12,False
60,Prostanozol,C[C@]12Cc3cn[nH]c3C[C@@H]1CC[C@@H]1[C@@H]2CC[C@]2(C)[C@@H](OC3CCCCO3)CC[C@@H]12,False
61,Quinbolone,C[C@]12CC[C@H]3[C@@H](CCC4=CC(=O)C=C[C@@]43C)[C@@H]1CC[C@@H]2OC1=CCCC1,False
62,Stanozolol,C[C@]12Cc3cn[nH]c3C[C@@H]1CC[C@@H]1[C@@H]2CC[C@@]2(C)[C@H]1CC[C@]2(C)O,False
63,Stenbolone,CC1=C[C@@]2(C)[C@@H](CC[C@@H]3[C@@H]2CC[C@]2(C)[C@@H](O)CC[C@@H]32)CC1=O,False
64,Testosterone,C[C@]12CC[C@H]3[C@H]([C@@H]1CC[C@@H]2O)CCC4=CC(=O)CC[C@]34C,True
65,Tetrahydrogestrinone (THG),CC[C@]1(O)CC[C@H]2[C@@H]3CCC4=CC(=O)CCC4=C3C=C[C@@]21CC,False
66,Tibolone,C[C@@H]1CC2=C(CCC(=O)C2)[C@@H]3[C@@H]1[C@@H]4CC[C@]([C@]4(CC3)C)(C#C)O,True
67,Trenbolone,C[C@]12C=CC3=C4CCC(=O)C=C4CC[C@H]3[C@@H]1CC[C@@H]2O,False
68,Trestolone (MENT),C[C@@H]1CC2=CC(=O)CC[C@@H]2[C@H]2CC[C@]3(C)[C@@H](O)CC[C@H]3[C@@H]21,False
