Uniprot,Common
P18405,SRD5A1
P31213,SRD5A2
P10275,AR
P11511,CYP19A1
P08235,NR3C2
P04150,NR3C1
P06401,PGR
P08185,SERPINA6
Q99720,SIGMAR1
P04278,SHBG
O75469,NR1I2
P05093,CYP17A1
P37058,HSD17B3
P07148,FABP1
Q14994,NR1I3
Q9UHC9,NPC1L1
P51681,CCR5
Q01959,SLC6A3
P0DMS8,ADORA3
P27361,MAPK3
P30304,CDC25A
P07339,CTSD
O14684,PTGES
O75762,TRPA1
P03372,ESR1
Q92731,ESR2
P80365,HSD11B2
P28845,HSD11B1
P35228,NOS2
P24723,PRKCH
Q06124,PTPN11
O60218,AKR1B10
P23219,PTGS1
P06276,BCHE
P09917,ALOX5
P18031,PTPN1
P17706,PTPN2
P56817,BACE1
O00519,FAAH
Q8NER1,TRPV1
P35398,RORA
P49354 P49356,FNTA FNTB
P31645,SLC6A4
P37268,FDFT1
P23141,CES1
O00748,CES2
P29350,PTPN6
P14902,IDO1
Q13133,NR1H3
P04035,HMGCR
P11413,G6PD
Q16850,CYP51A1
P06746,POLB
P48147,PREP
P01375,TNF
P15090,FABP4
P21554,CNR1
P37231,PPARG
Q07869,PPARA
O14746,TERT
P05413,FABP3
Q01469,FABP5
Q03181,PPARD
P30305,CDC25B
P51449,RORC
Q08499,PDE4D
P10586,PTPRF
P04054,PLA2G1B
P24666,ACP1
P05231,IL6
P78536,ADAM17
P16662,UGT2B7
P15104,GLUL
Q8TDU6,GPBAR1
O00767,SCD
P37059,HSD17B2
P11388,TOP2A
P53350,PLK1
P11387,TOP1
P54707,ATP12A
P33261,CYP2C19
P42330,AKR1C3
P52895,AKR1C2
Q04828,AKR1C1
P10070,GLI2
P08151,GLI1
P60033,CD81
P35354,PTGS2
P43116,PTGER2
O14842,FFAR1
P34995,PTGER1
P43119,PTGIR
P34949,MPI
P08172,CHRM2
P22303,ACHE
P23975,SLC6A2
P09884,POLA1
P47712,PLA2G4A
Q9UJM8,HAO1
P20701,ITGAL
P49354 P49356,FNTA FNTB
Q15722,LTB4R
P35408,PTGER4
P43088,PTGFR
P43115,PTGER3
Q4U2R8,SLC22A6
Q13258,PTGDR
Q12772,SREBF2
Q9UBE0 Q9UBT2,SAE1 UBA2
P06737,PYGL
P21731,TBXA2R
Q96RI1,NR1H4
Q14534,SQLE
Q9NQR1,KMT5A
P10721,KIT
P36888,FLT3
P35968,KDR
O60674,JAK2
P11473,VDR
P04181,OAT
Q12809,KCNH2
Q9UBS5,GABBR1
P47869 P47870 P18507,GABRA2 GABRB2 GABRG2
P12104,FABP2
Q9Y2K7,KDM2A
Q9UPP1,PHF8
P41229,KDM5C
O75419,CDC45
P08575,PTPRC
P00747,PLG
P34913,EPHX2
Q15465,SHH
P54289,CACNA2D1
P21730,C5AR1
Q7Z2W7,TRPM8
P48065,SLC6A12
Q9Y2Q3,GSTK1
P09960,LTA4H
P21453,S1PR1
P34972,CNR2
P32246,CCR1
P14618,PKM
P08254,MMP3
P05129,PRKCG
P14780,MMP9
P03956,MMP1
Q05655,PRKCD
P17252,PRKCA
P05771,PRKCB
Q02156,PRKCE
Q04759,PRKCQ
O95267,RASGRP1
Q8WWL7 P06493 P14635 O95067,CCNB3 CDK1 CCNB1 CCNB2
P49841,GSK3B
P06493,CDK1
Q16572,SLC18A3
P49810 Q9NZ42 Q92542 Q96BI3 P49768 Q8WW43,PSEN2 PSENEN NCSTN APH1A PSEN1 APH1B
Q16665,HIF1A
P12821,ACE
P22001,KCNA3
P08842,STS
P14416,DRD2
P42785,PRCP
P25116,F2R
Q9UBN7,HDAC6
P12955,PEPD
P14625,HSP90B1
O75899 Q9UBS5,GABBR2 GABBR1
Q8IV61,RASGRP3
P55055,NR1H2
P15538,CYP11B1
P19099,CYP11B2
P11229,CHRM1
P11474,ESRRA
O95718,ESRRB
Q99527,GPER1
Q9UBM7,DHCR7
Q9NRA0,SPHK2
Q9NYA1,SPHK1
P10635,CYP2D6
P11712,CYP2C9
P14061,HSD17B1
P29475,NOS1
P00813,ADA
O75116,ROCK2
Q13464,ROCK1
P52333,JAK3
P15121,AKR1B1
P08908,HTR1A
P35462,DRD3
O14920,IKBKB
Q2M385,MPEG1
P98170,XIAP
Q92831,KAT2B
P41145,OPRK1
P48039,MTNR1A
P05091,ALDH2
P49286,MTNR1B
P16083,NQO2
Q99572,P2RX7
Q9BY41,HDAC8
P07099,EPHX1
P09874,PARP1
O00311,CDC7
Q16539,MAPK14
P07327,ADH1A
P00325,ADH1B
P00326,ADH1C
P07900,HSP90AA1
P07384,CAPN1
P49336,CDK8
P07711,CTSL
P07858,CTSB
P41143,OPRD1
P05164,MPO
P28335,HTR2C
P00918,CA2
P00915,CA1
Q15059,BRD3
P43235,CTSK
Q9UGN5,PARP2
P00533,EGFR
P00746,CFD
P35367,HRH1
P25105,PTAFR
P12931,SRC
P11940,PABPC1
P51812,RPS6KA3
O95180,CACNA1H
P50747,HLCS
P62942,FKBP1A
Q00987,MDM2
P27487,DPP4
P08183,ABCB1
P22460,KCNA5
Q9UNQ0,ABCG2
Q9H999,PANK3
P40763,STAT3
O60885,BRD4
Q16790,CA9
O43570,CA12
Q13946,PDE7A
P23458,JAK1
Q14432,PDE3A
Q13370,PDE3B
O14757,CHEK1
P34998,CRHR1
Q02750,MAP2K1
Q05469,LIPE
P24941,CDK2
Q9Y5Z0,BACE2
P28482,MAPK1
P25440,BRD2
P02753,RBP4
Q15078 Q00535,CDK5R1 CDK5
P04629,NTRK1
Q6DWJ6,GPR139
P29597,TYK2
Q9NWZ3,IRAK4
Q02224,CENPE
P78527,PRKDC
O75582,RPS6KA5
Q9Y233,PDE10A
P12268,IMPDH2
P20839,IMPDH1
P24863 P49336,CCNC CDK8
P45983,MAPK8
P45984,MAPK9
P25101,EDNRA
P47871,GCGR
O15055,PER2
Q15761,NPY5R
P20309,CHRM3
Q8NG68,TTL
P08173,CHRM4
P08912,CHRM5
P37288,AVPR1A
P41594,GRM5
Q12908,SLC10A2
P48736,PIK3CG
P42336,PIK3CA
P08684,CYP3A4
P40189,IL6ST
P53609,PGGT1B
Q14416,GRM2
Q9BV23,ABHD6
P35372,OPRM1
P10827,THRA
P30559,OXTR
O00408,PDE2A
O60725,ICMT
P49146,NPY2R
O43451,MGAM
P21452,TACR2
P25103,TACR1
P51452,DUSP3
P24557,TBXAS1
P23415,GLRA1
Q9UBM7 Q15125,DHCR7 EBP
P02774,GC
P32297 P30926,CHRNA3 CHRNB4
P04049,RAF1
P15056,BRAF
Q13255,GRM1
P41597,CCR2
P27338,MAOB
P24385 P11802,CCND1 CDK4
Q02083,NAAA
Q13510,ASAH1
Q96GD4,AURKB
P40394,ADH7
P09668,CTSH
P25774,CTSS
P43405,SYK
P23443,RPS6KB1
O14965,AURKA
Q9Y6F1,PARP3
Q9UKK3,PARP4
O95271,TNKS
P08069,IGF1R
O75874,IDH1
Q9NQW7,XPNPEP1
O43895,XPNPEP2
P21397,MAOA
Q00975,CACNA1B
P42336 P27986,PIK3CA PIK3R1
P02766,TTR
P05177,CYP1A2
P17948,FLT1
P53609 P49354,PGGT1B FNTA
O43614,HCRTR2
Q92793,CREBBP
O60341,KDM1A
O94760,DDAH1
P35916,FLT4
P34981,TRHR
P61586,RHOA
P08238,HSP90AB1
P49327,FASN
P28472 P18507 P31644,GABRB3 GABRG2 GABRA5
P15907,ST6GAL1
Q8IXJ6,SIRT2
Q9UBU7 O00311,DBF4 CDC7
P07333,CSF1R
P41146,OPRL1
P21917,DRD4
P08913,ADRA2A
P18825,ADRA2C
P28223,HTR2A
O15244,SLC22A2
P35557,GCK
P11309,PIM1
Q86V86,PIM3
P08253,MMP2
P50281,MMP14
P34969,HTR7
Q08881,ITK
Q13547,HDAC1
P09237,MMP7
P22894,MMP8
P46098,HTR3A
P13497,BMP1
P24530,EDNRB
P27815,PDE4A
Q15858,SCN9A
P50579,METAP2
P23280,CA6
Q99683,MAP3K5
P05067,APP
O60678,PRMT3
P38571,LIPA
Q99500,S1PR3
Q96P20,NLRP3
Q92769,HDAC2
P48067,SLC6A9
Q16584,MAP3K11
Q15125,EBP
P14555,PLA2G2A
Q16602,CALCRL
Q07817,BCL2L1
Q7L7X3,TAOK1
Q9H2K8,TAOK3
P30536,TSPO
Q99814,EPAS1
P56524,HDAC4
Q99895,CTRC
P11597,CETP
P56937,HSD17B7
P22607,FGFR3
Q13093,PLA2G7
P11362,FGFR1
P21802,FGFR2
Q99835,SMO
P45452,MMP13
P20292,ALOX5AP
P59538,TAS2R31
P30556,AGTR1
P50052,AGTR2
P30411,BDKRB2
O96020 P24941 P24864,CCNE2 CDK2 CCNE1
P24941 P78396 P20248,CDK2 CCNA1 CCNA2
P25929,NPY1R
Q02763,TEK
P30968,GNRHR
P03951,F11
O60760,HPGDS
P29371,TACR3
Q10469,MGAT2
Q96PD7,DGAT2
P42892,ECE1
P08263,GSTA1
P31749,AKT1
P00734,F2
Q9Y5N1,HRH3
P21980,TGM2
O15379,HDAC3
Q969S8,HDAC10
O94925,GLS
Q16875,PFKFB3
P29274,ADORA2A
P35610,SOAT1
P22748,CA4
P10145,CXCL8
P11217,PYGM
P21728,DRD1
P54760,EPHB4
P35348,ADRA1A
P07949,RET
Q13627,DYRK1A
P06239,LCK
Q9HBH9,MKNK2
Q9UM73,ALK
P43681 P17787,CHRNA4 CHRNB2
P07550,ADRB2
P08588,ADRB1
P13945,ADRB3
P30532 P17787 P43681,CHRNA5 CHRNB2 CHRNA4
P43166,CA7
Q8N1Q1,CA13
Q5S007,LRRK2
P28472 P34903 P18507,GABRB3 GABRA3 GABRG2
P28472 P18507 P14867,GABRB3 GABRG2 GABRA1
P47869 P28472 P18507,GABRA2 GABRB3 GABRG2
P33981,TTK
Q9P1W9,PIM2
P28161,GSTM2
P68400,CSNK2A1
P19784,CSNK2A2
Q9NR96,TLR9
Q00613,HSF1
Q8NE63,HIPK4
Q14004,CDK13
P00519,ABL1
P09619,PDGFRB
P16234,PDGFRA
P53779,MAPK10
Q04912,MST1R
Q9H1R3,MYLK2
P50613,CDK7
P50750,CDK9
O75676,RPS6KA4
P29323,EPHB2
P08581,MET
O00444,PLK4
Q9UQB9,AURKC
Q15759,MAPK11
O94804,STK10
P54756,EPHA5
P17612,PRKACA
Q9H2G2,SLK
Q9HAZ1,CLK4
P42685,FRK
P49759,CLK1
O14976,GAK
Q9UF33,EPHA6
Q9UKE5,TNIK
Q9H422,HIPK3
Q00536,CDK16
Q13043,STK4
Q15375,EPHA7
P53778,MAPK12
Q13188,STK3
Q9BUB5,MKNK1
Q9Y4K4,MAP4K5
P30530,AXL
Q9H4B4,PLK3
Q16620,NTRK2
P54753,EPHB3
Q13163,MAP2K5
P29320,EPHA3
P54762,EPHB1
Q16832,DDR2
Q8TD08,MAPK15
P35590,TIE1
Q08345,DDR1
Q12866,MERTK
Q9UQ88,CDK11A
Q8IVH8,MAP4K3
Q13546,RIPK1
Q13873,BMPR2
O00238,BMPR1B
P14616,INSRR
Q16288,NTRK3
P18054,ALOX12
P16050,ALOX15
P13631,RARG
P48443,RXRG
P10826,RARB
P10276,RARA
P07477,PRSS1
O75688,PPM1B
P36873,PPP1CC
Q9BPW0,PPP5C
P62136,PPP1CA
Q9HBA0,TRPV4
P19021,PAM
O43613,HCRTR1
Q15910,EZH2
O95136,S1PR2
Q96PN6,ADCY10
P30307,CDC25C
Q9Y2T6,GPR55
Q14330,GPR18
P00750,PLAT
P06870,KLK1
P00749,PLAU
P32245,MC4R
P56373,P2RX3
Q13085,ACACA
O00763,ACACB
P78368,CSNK1G2
P48729,CSNK1A1
P48730,CSNK1D
P49682,CXCR3
P48449,LSS
Q9H2K2,TNKS2
P30518,AVPR2
P30542,ADORA1
P15428,HPGD
P43220,GLP1R
P06213,INSR
P42574,CASP3
P29466,CASP1
P52732,KIF11
Q07343,PDE4B
O15151,MDM4
Q9NUW8,TDP1
P43490,NAMPT
P36544,CHRNA7
P08246,ELANE
P25100,ADRA1D
Q9UHF0,TAC3
P04626,ERBB2
P50406,HTR6
Q99685,MGLL
P30419,NMT1
P47901,AVPR1B
P42345,MTOR
Q9Y5Y4,PTGDR2
Q08493,PDE4C
Q16581,C3AR1
P63316 P45379 P19429,TNNC1 TNNT2 TNNI3
P36507,MAP2K2
O14649,KCNK3
O15382,BCAT2
Q14524,SCN5A
P00742,F10
Q14973,SLC10A1
Q8TDS4,HCAR2
P05186,ALPL
O00329,PIK3CD
P42338,PIK3CB
P32247,BRS3
