InChI,InChIKey,SMILES,Synonyms,PUBCHEM_CID,Molecular formula,Major Isotope Mass,ALogP,Lipinski_Violations,Insecticide_Likeness_Violations,Post_Em_Herbicide_Likeness_Violations,Metabolite ID,cdk:Title,Reaction,Reaction ID,Enzyme(s),Biosystem,Precursor ID,Precursor SMILES,Precursor InChI,Precursor InChIKey,Precursor ALogP,Precursor Major Isotope Mass
"InChI=1S/C21H26O2/c1-3-20-11-9-17-16-8-6-15(22)13-14(16)5-7-18(17)19(20)10-12-21(20,23)4-2/h2,9,11,13,15,18-19,22-23H,3,5-8,10,12H2,1H3/t15?,18-,19+,20+,21+/m1/s1",ZSFQPSKEJKJWNS-OPHMDYFFSA-N,CC[C@]12C=CC3=C4CCC(O)C=C4CC[C@H]3[C@@H]1CC[C@]2(C#C)O,,,C21H26O2,310.193280072,4.171199999999999,0,0,0,BTM00001,BTM00001,Reduction of carbonyl,BTMR0368,EC 1.1.1.184,HUMAN,,CC[C@]12C=CC3=C4CCC(=O)C=C4CC[C@H]3[C@@H]1CC[C@]2(C#C)O,"InChI=1S/C21H24O2/c1-3-20-11-9-17-16-8-6-15(22)13-14(16)5-7-18(17)19(20)10-12-21(20,23)4-2/h2,9,11,13,18-19,23H,3,5-8,10,12H2,1H3/t18-,19+,20+,21+/m1/s1",BJJXHLWLUDYTGC-ANULTFPQSA-N,,308.1776
"InChI=1S/C21H24O3/c1-3-20-10-9-16-15-8-6-14(22)11-13(15)5-7-17(16)18(20)12-19(23)21(20,24)4-2/h2,9-11,17-19,23-24H,3,5-8,12H2,1H3/t17-,18+,19?,20+,21+/m1/s1",YPZCDTGCTVVMEU-UAJAUTABSA-N,CC[C@]12C=CC3=C4CCC(=O)C=C4CC[C@H]3[C@@H]1CC([C@]2(C#C)O)O,,,C21H24O3,324.17254462799997,3.1647999999999987,0,0,0,BTM00002,BTM00002,16-Hydroxylation of sterol,BTMR0407,"CYP1A2
CYP2A6
CYP2B6
CYP2C8
CYP2C9
CYP2C19
CYP2D6
CYP2E1
CYP3A4",HUMAN,,CC[C@]12C=CC3=C4CCC(=O)C=C4CC[C@H]3[C@@H]1CC[C@]2(C#C)O,"InChI=1S/C21H24O2/c1-3-20-11-9-17-16-8-6-15(22)13-14(16)5-7-18(17)19(20)10-12-21(20,23)4-2/h2,9,11,13,18-19,23H,3,5-8,10,12H2,1H3/t18-,19+,20+,21+/m1/s1",BJJXHLWLUDYTGC-ANULTFPQSA-N,,308.1776
"InChI=1S/C21H24O3/c1-3-20-9-7-14-15(17(20)8-10-21(20,24)4-2)6-5-13-11-18(22)19(23)12-16(13)14/h2,7,9,11,15,17,19,23-24H,3,5-6,8,10,12H2,1H3/t15-,17+,19?,20+,21+/m1/s1",WHIDBUKZRQBMBG-QGBQAGHKSA-N,CC[C@]12C=CC3=C4CC(C(=O)C=C4CC[C@H]3[C@@H]1CC[C@]2(C#C)O)O,,,C21H24O3,324.17254462799997,3.451199999999999,0,0,0,BTM00003,BTM00003,2-Hydroxylation of sterol,BTMR0398,"CYP1A2
CYP2C19
CYP3A4",HUMAN,,CC[C@]12C=CC3=C4CCC(=O)C=C4CC[C@H]3[C@@H]1CC[C@]2(C#C)O,"InChI=1S/C21H24O2/c1-3-20-11-9-17-16-8-6-15(22)13-14(16)5-7-18(17)19(20)10-12-21(20,23)4-2/h2,9,11,13,18-19,23H,3,5-8,10,12H2,1H3/t18-,19+,20+,21+/m1/s1",BJJXHLWLUDYTGC-ANULTFPQSA-N,,308.1776
"InChI=1S/C21H24O3/c1-3-20-11-9-14-13-7-8-18(22)19(23)16(13)6-5-15(14)17(20)10-12-21(20,24)4-2/h2,9,11,15,17,23-24H,3,5-8,10,12H2,1H3/t15-,17+,20+,21+/m1/s1",KDLNQABIHLRBKU-GWKIZSTFSA-N,CC[C@]12C=CC3=C4CCC(=O)C(=C4CC[C@H]3[C@@H]1CC[C@]2(C#C)O)O,,,C21H24O3,324.17254462799997,3.5685999999999987,0,0,0,BTM00004,BTM00004,4-Hydroxylation of sterol,BTMR0400,"CYP1A2
CYP3A4",HUMAN,,CC[C@]12C=CC3=C4CCC(=O)C=C4CC[C@H]3[C@@H]1CC[C@]2(C#C)O,"InChI=1S/C21H24O2/c1-3-20-11-9-17-16-8-6-15(22)13-14(16)5-7-18(17)19(20)10-12-21(20,23)4-2/h2,9,11,13,18-19,23H,3,5-8,10,12H2,1H3/t18-,19+,20+,21+/m1/s1",BJJXHLWLUDYTGC-ANULTFPQSA-N,,308.1776
"InChI=1S/C21H24O3/c1-3-20(24)10-9-19-18-6-4-14-12-15(23)5-7-16(14)17(18)8-11-21(19,20)13(2)22/h1,8,11-13,18-19,22,24H,4-7,9-10H2,2H3/t13?,18-,19+,20+,21-/m1/s1",XVVPAXQOXJUDLM-AWLPRKGPSA-N,CC([C@]12C=CC3=C4CCC(=O)C=C4CC[C@H]3[C@@H]1CC[C@]2(C#C)O)O,,,C21H24O3,324.17254462799997,2.9622999999999973,0,0,0,BTM00005,BTM00005,Hydroxylation of penultimate aliphatic secondary carbon,BTMR1074,"CYP1A2
CYP2A6
CYP2B6
CYP2C8
CYP2C9
CYP2C19
CYP2D6
CYP2E1
CYP3A4",HUMAN,,CC[C@]12C=CC3=C4CCC(=O)C=C4CC[C@H]3[C@@H]1CC[C@]2(C#C)O,"InChI=1S/C21H24O2/c1-3-20-11-9-17-16-8-6-15(22)13-14(16)5-7-18(17)19(20)10-12-21(20,23)4-2/h2,9,11,13,18-19,23H,3,5-8,10,12H2,1H3/t18-,19+,20+,21+/m1/s1",BJJXHLWLUDYTGC-ANULTFPQSA-N,,308.1776
"InChI=1S/C21H24O3/c1-3-20(23)10-9-16-15-7-5-12-11-13(22)6-8-14(12)17(15)18-19(24-18)21(16,20)4-2/h1,11,15-16,18-19,23H,4-10H2,2H3/t15-,16-,18?,19?,20-,21+/m0/s1",IIEUOEATMAHIDB-PRQWCCNFSA-N,CC[C@]12C3C(C4=C5CCC(=O)C=C5CC[C@H]4[C@@H]1CC[C@]2(C#C)O)O3,,,C21H24O3,324.17254462799997,3.4089999999999976,0,0,0,BTM00006,BTM00006,Epoxidation of alkene,BTMR0110,"CYP1A2
CYP2B6
CYP2B6
CYP2C8
CYP2C9
CYP2C19
CYP2D6
CYP2E1
CYP3A4",HUMAN,,CC[C@]12C=CC3=C4CCC(=O)C=C4CC[C@H]3[C@@H]1CC[C@]2(C#C)O,"InChI=1S/C21H24O2/c1-3-20-11-9-17-16-8-6-15(22)13-14(16)5-7-18(17)19(20)10-12-21(20,23)4-2/h2,9,11,13,18-19,23H,3,5-8,10,12H2,1H3/t18-,19+,20+,21+/m1/s1",BJJXHLWLUDYTGC-ANULTFPQSA-N,,308.1776
"InChI=1S/C21H24O3/c1-2-21(24)10-8-19-18-5-3-14-13-15(23)4-6-16(14)17(18)7-9-20(19,21)11-12-22/h1,7,9,13,18-19,22,24H,3-6,8,10-12H2/t18-,19+,20-,21+/m1/s1",CENVBYYQABVJSV-MHTWAQMVSA-N,C(C[C@]12C=CC3=C4CCC(=O)C=C4CC[C@H]3[C@@H]1CC[C@]2(C#C)O)O,,,C21H24O3,324.17254462799997,2.905999999999998,0,0,0,BTM00007,BTM00007,Hydroxylation of terminal methyl,BTMR1061,"CYP1A2
CYP2A6
CYP2B6
CYP2C8
CYP2C9
CYP2C19
CYP2D6
CYP2E1
CYP3A4",HUMAN,,CC[C@]12C=CC3=C4CCC(=O)C=C4CC[C@H]3[C@@H]1CC[C@]2(C#C)O,"InChI=1S/C21H24O2/c1-3-20-11-9-17-16-8-6-15(22)13-14(16)5-7-18(17)19(20)10-12-21(20,23)4-2/h2,9,11,13,18-19,23H,3,5-8,10,12H2,1H3/t18-,19+,20+,21+/m1/s1",BJJXHLWLUDYTGC-ANULTFPQSA-N,,308.1776
"InChI=1S/C21H22O2/c1-3-20-11-9-17-16-8-6-15(22)13-14(16)5-7-18(17)19(20)10-12-21(20,23)4-2/h2-3,9,11,13,18-19,23H,1,5-8,10,12H2/t18-,19+,20+,21+/m1/s1",FIICOGKUYDZEDA-ANULTFPQSA-N,C=C[C@]12C=CC3=C4CCC(=O)C=C4CC[C@H]3[C@@H]1CC[C@]2(C#C)O,,,C21H22O2,306.161979944,3.7409999999999988,0,0,0,BTM00008,BTM00008,Terminal desaturation,BTMR1190,"CYP1A2
CYP2A6
CYP2C9
CYP2D6
CYP3A4",HUMAN,,CC[C@]12C=CC3=C4CCC(=O)C=C4CC[C@H]3[C@@H]1CC[C@]2(C#C)O,"InChI=1S/C21H24O2/c1-3-20-11-9-17-16-8-6-15(22)13-14(16)5-7-18(17)19(20)10-12-21(20,23)4-2/h2,9,11,13,18-19,23H,3,5-8,10,12H2,1H3/t18-,19+,20+,21+/m1/s1",BJJXHLWLUDYTGC-ANULTFPQSA-N,,308.1776
"InChI=1S/C21H24O3/c1-3-20-9-7-15-14-6-5-13(22)11-17(14)19(23)12-16(15)18(20)8-10-21(20,24)4-2/h2,7,9,11,16,18-19,23-24H,3,5-6,8,10,12H2,1H3/t16-,18+,19?,20+,21+/m1/s1",KQUWZIRAKHNAAC-CVEUDUBKSA-N,CC[C@]12C=CC3=C4CCC(=O)C=C4C(C[C@H]3[C@@H]1CC[C@]2(C#C)O)O,,,C21H24O3,324.17254462799997,3.029799999999997,0,0,0,BTM00009,BTM00009,6-Hydroxylation of sterol,BTMR0402,"CYP2A6
CYP2B6
CYP2C8
CYP2C9
CYP2C19
CYP2D6
CYP3A4",HUMAN,,CC[C@]12C=CC3=C4CCC(=O)C=C4CC[C@H]3[C@@H]1CC[C@]2(C#C)O,"InChI=1S/C21H24O2/c1-3-20-11-9-17-16-8-6-15(22)13-14(16)5-7-18(17)19(20)10-12-21(20,23)4-2/h2,9,11,13,18-19,23H,3,5-8,10,12H2,1H3/t18-,19+,20+,21+/m1/s1",BJJXHLWLUDYTGC-ANULTFPQSA-N,,308.1776
"InChI=1S/C21H26O2/c1-3-20-11-9-17-16-8-6-15(22)13-14(16)5-7-18(17)19(20)10-12-21(20,23)4-2/h2,9,11,14,18-19,23H,3,5-8,10,12-13H2,1H3/t14?,18-,19+,20+,21+/m1/s1",RBLZMWOWLIGHCD-QMDKRYNSSA-N,CC[C@]12C=CC3=C4CCC(=O)CC4CC[C@H]3[C@@H]1CC[C@]2(C#C)O,,,C21H26O2,310.193280072,3.9602999999999957,0,0,0,BTM00010,BTM00010,"Reduction of alpha,beta-unsaturated carbon-carbon double bond adjacent to electron withdrawing group",BTMR1209,EC 1.6.99.1,GUTMICRO,,CC[C@]12C=CC3=C4CCC(=O)C=C4CC[C@H]3[C@@H]1CC[C@]2(C#C)O,"InChI=1S/C21H24O2/c1-3-20-11-9-17-16-8-6-15(22)13-14(16)5-7-18(17)19(20)10-12-21(20,23)4-2/h2,9,11,13,18-19,23H,3,5-8,10,12H2,1H3/t18-,19+,20+,21+/m1/s1",BJJXHLWLUDYTGC-ANULTFPQSA-N,,308.1776
